Workbook

Sheet 2024_원단커버
A1: 주문 접수일시 | B1: 판매처 주문일자 | C1: 제작번호 | D1: 판매업체명 | E1: 판매처 주문번호 | F1: 제작상품 (판매상품명/옵션) | G1: 주문수량 | H1: 주문자명 | I1: 주문상태 | J1: 페이지수 | K1: =SUBTOTAL(9,G2:G999) -> 21
A2: 45597.817 | B2: 45597 | C2: 20241101-000000017 | D2: 스탑북 | E2: 20241101193025CB0C | F2: 러브데이북 (러브데이북_280_210_기성커버 / 280X210 | 기본금박(무료) | 없음 | 38p | 모던그레이(기본금박)) | G2: 1 | H2: 김장헌 | I2: 발송완료 | J2: 60
A3: 45599.7 | B3: 45599 | C3: 20241103-000000030 | D3: 스탑북 | E3: 20241103164338F7F4 | F3: 드림클래스_가로타입_276_197 (포토그랩스_276_197_기성 원단커버(가변 스티커) / 276X197 | 하드커버 | 없음 | 48p) | G3: 1 | H3: 박주희 | I3: 발송완료 | J3: 42
A4: 45600.538 | B4: 45600 | C4: 20241104-000000026 | D4: 스탑북 | E4: 2024110412494579BD | F4: 러브데이북 (러브데이북_280_210_기성커버 / 280X210 | 기본금박(무료) | 없음 | 38p | 러블리핑크(기본금박)) | G4: 1 | H4: 최현 | I4: 발송완료 | J4: 46
A5: 45600.609 | B5: 45600 | C5: 20241104-000000048 | D5: 스탑북 | E5: 202411041432437D15 | F5: 드림클래스_가로타입_276_197 (포토그랩스_276_197_기성 원단커버(가변 스티커) / 276X197 | 하드커버 | 없음 | 48p) | G5: 1 | H5: 박주희 | I5: 발송완료 | J5: 46
A6: 45600.922 | B6: 45600 | C6: 20241104-000000068 | D6: 스탑북 | E6: 20241104220001832C | F6: 러브데이북 (러브데이북_280_210_기성커버 / 280X210 | 기본금박(무료) | 없음 | 38p | 러블리핑크(기본금박)) | G6: 1 | H6: 이행원 | I6: 발송완료 | J6: 46
A7: 45601.461 | B7: 45601 | C7: 20241105-000000009 | D7: 스탑북 | E7: 2024110510581417C0 | F7: 시크북(북타입)_210_280_기성 원단커버 (시크북(북타입)_210_280_58p_기성 원단커버 / 210X280 | 하드커버 | 없음 | 58p | 로만브라운) | G7: 1 | H7: 김경훈 | I7: 발송완료 | J7: 60
A8: 45601.86 | B8: 45601 | C8: 20241105-000000034 | D8: 스탑북 | E8: 20241105203132F72F | F8: 드림클래스_가로타입_276_197 (포토그랩스_276_197_기성 원단커버(가변 스티커) / 276X197 | 하드커버 | 없음 | 48p) | G8: 1 | H8: 이은미 | I8: 발송완료 | J8: 48
A9: 45602.143 | B9: 45602 | C9: 20241106-000000004 | D9: 스탑북 | E9: 202411060322466F98 | F9: 드림클래스_정사각 타입_248_248 (플라이트북_248_248_소프트 압축 커버 / 248X248 | 소프트압축커버 | 없음 | 48p) | G9: 1 | H9: 윤태경 | I9: 발송완료 | J9: 60
A10: 45602.381 | B10: 45602 | C10: 20241106-000000005 | D10: 스탑북 | E10: 20241106090202E0BC | F10: 드림클래스_세로타입_210_273 (플라이트북_210_273_소프트 압축 커버 / 210X273 | 소프트압축커버 | 없음 | 48p) | G10: 1 | H10: 박예슬 | I10: 발송완료 | J10: 50
A11: 45602.652 | B11: 45602 | C11: 20241106-000000026 | D11: 스탑북 | E11: 20241106153402C9EA | F11: 드림클래스_가로타입_276_197 (포토그랩스_276_197_기성 원단커버(가변 스티커) / 276X197 | 하드커버 | 없음 | 48p) | G11: 1 | H11: 정효정 | I11: 발송완료 | J11: 50
A12: 45603.39 | B12: 45602 | C12: 20241106-000000042 | D12: 스탑북 | E12: 20241106205551C2D1 | F12: 러브데이북 (러브데이북_280_210_기성커버 / 280X210 | 기본금박(무료) | 없음 | 38p | 모던그레이(기본금박)) | G12: 1 | H12: 박세진 | I12: 취소완료 | J12: 58
A13: 45603.739 | B13: 45603 | C13: 20241107-000000024 | D13: 스탑북 | E13: 2024110717373896FC | F13: 시크북(앨범타입)_210_280_기성원단커버 (시크북(앨범타입)_210_280_20p_기성 원단커버 / 210X280 | 압축앨범 | 없음 | 20p | 로만브라운) | G13: 1 | H13: 문수현 | I13: 발송완료 | J13: 20
... A94: 45638.519 | B94: 45638 | C94: 20241212-000000137 | D94: 스탑북 | E94: 20241212121527462F | F94: 시크북(북타입)_210_280_기성 원단커버 (시크북(북타입)_210_280_58p_기성 원단커버 / 210X280 | 하드커버 | 없음 | 58p | 로만브라운) | G94: 1 | H94: 윤형진 | I94: 발송완료 | J94: 60
A95: 45639.522 | B95: 45639 | C95: 20241213-000000032 | D95: 스탑북 | E95: 2.0241213e+124 | F95: 레더북 (레더북_210_280_원단커버 포토북 / 210X280 | 원단커버_실제본 | 없음 | 38p | 커버타이틀 1 | 다크네이비) | G95: 6 | H95: 안선 | I95: 발송완료 | J95: 44
A96: 45639.657 | B96: 45639 | C96: 20241213-000000090 | D96: 스탑북 | E96: 2024121314382522C5 | F96: 드림클래스_세로타입_210_273 (포토그랩스pro_210_273_기성 원단커버(가변 스티커) / 210X273 | 하드커버 | 없음 | 48p) | G96: 1 | H96: 이지연 | I96: 발송완료 | J96: 40
A97: 45639.692 | B97: 45639 | C97: 20241213-000000104 | D97: 스탑북 | E97: 20241213163128228B | F97: 드림클래스_가로타입_276_197 (포토그랩스pro_276_197_기성 원단커버(가변 스티커) / 276X197 | 하드커버 | 없음 | 48p) | G97: 9 | H97: 박찬규 | I97: 발송완료 | J97: 54
A98: 45639.722 | B98: 45639 | C98: 20241213-000000106 | D98: 스탑북 | E98: 202412131715501AFF | F98: 레더북 (레더북_210_280_원단커버 포토북 / 210X280 | 원단커버_실제본 | 없음 | 38p | 커버타이틀 1 | 다크네이비) | G98: 1 | H98: 장재혁 | I98: 발송완료 | J98: 52
A99: 45640.416 | B99: 45640 | C99: 20241214-000000011 | D99: 스탑북 | E99: 20241214095133DB94 | F99: 드림클래스_가로타입_276_197 (포토그랩스_276_197_기성 원단커버(가변 스티커) / 276X197 | 하드커버 | 없음 | 48p) | G99: 1 | H99: 박주희 | I99: 발송완료 | J99: 40
A100: 45641.929 | B100: 45641 | C100: 20241215-000000048 | D100: 스탑북 | E100: 20241215220656AB02 | F100: 러브데이북 (러브데이북_280_210_기성커버 / 280X210 | 기본금박(무료) | 없음 | 38p | 퓨어아이보리(기본금박)) | G100: 1 | H100: 김창욱 | I100: 발송완료 | J100: 42
A101: 45641.929 | B101: 45641 | C101: 20241215-000000049 | D101: 스탑북 | E101: 20241215220656AB02 | F101: 러브데이북 (러브데이북_280_210_기성커버 / 280X210 | 기본금박(무료) | 없음 | 38p | 퓨어아이보리(기본금박)) | G101: 1 | H101: 김창욱 | I101: 발송완료 | J101: 40
A102: 45641.98 | B102: 45641 | C102: 20241215-000000053 | D102: 스탑북 | E102: 2024121523224270D4 | F102: 러브데이북 (러브데이북_280_210_기성커버 / 280X210 | 기본금박(무료) | 없음 | 38p | 모던그레이(기본금박)) | G102: 1 | H102: 김장헌 | I102: 발송완료 | J102: 60
A103: 45642.019 | B103: 45642 | C103: 20241216-000000003 | D103: 스탑북 | E103: 20241216002223235E | F103: 레더북 (레더북_210_280_원단커버 포토북 / 210X280|원단커버_실제본|없음|38p | 커버타이틀 1 | 딥그린) | G103: 1 | H103: 이보라 | I103: 발송완료 | J103: 60
A104: 45642.088 | B104: 45642 | C104: 20241216-000000019 | D104: 스탑북 | E104: 202412160147569584 | F104: 레더북 (레더북_210_280_원단커버 포토북 / 210X280|원단커버_실제본|없음|38p | 커버타이틀 1 | 딥그린) | G104: 1 | H104: 이인규 | I104: 발송완료 | J104: 60
A105: 45642.088 | B105: 45642 | C105: 20241216-000000020 | D105: 스탑북 | E105: 202412160147569584 | F105: 레더북 (레더북_210_280_원단커버 포토북 / 210X280 | 원단커버_실제본 | 없음 | 38p | 커버타이틀 1 | 로얄와인) | G105: 1 | H105: 이인규 | I105: 발송완료 | J105: 60
A106: 45642.088 | B106: 45642 | C106: 20241216-000000021 | D106: 스탑북 | E106: 202412160147569584 | F106: 레더북 (레더북_210_280_원단커버 포토북 / 210X280 | 원단커버_실제본 | 없음 | 38p | 커버타이틀 1 | 다크네이비) | G106: 1 | H106: 이인규 | I106: 발송완료 | J106: 60
A107: 45642.088 | B107: 45642 | C107: 20241216-000000022 | D107: 스탑북 | E107: 202412160147569584 | F107: 레더북 (레더북_210_280_원단커버 포토북 / 210X280 | 원단커버_실제본 | 없음 | 38p | 커버타이틀 1 | 로얄와인) | G107: 1 | H107: 이인규 | I107: 발송완료 | J107: 56
... A111: 45643.491 | B111: 45643 | C111: 20241217-000000036 | D111: 스탑북 | E111: 202412171139070B22 | F111: 레더북 (레더북_210_280_원단커버 포토북 / 210X280 | 원단커버_실제본 | 없음 | 38p | 커버타이틀 1 | 다크네이비) | G111: 5 | H111: 김선화 | I111: 발송완료 | J111: 60
A112: 45643.579 | B112: 45643 | C112: 20241217-000000073 | D112: 스탑북 | E112: 2.0241217e+273 | F112: 드림클래스_가로타입_276_197 (포토그랩스_276_197_기성 원단커버(가변 스티커) / 276X197 | 하드커버 | 없음 | 48p) | G112: 1 | H112: 김진묵 | I112: 발송완료 | J112: 60
A113: 45643.579 | B113: 45643 | C113: 20241217-000000074 | D113: 스탑북 | E113: 202412171330406098 | F113: 드림클래스_가로타입_276_197 (포토그랩스_276_197_기성 원단커버(가변 스티커) / 276X197 | 하드커버 | 없음 | 48p) | G113: 1 | H113: 김진묵 | I113: 발송완료 | J113: 60
A114: 45643.579 | B114: 45643 | C114: 20241217-000000075 | D114: 스탑북 | E114: 202412171329444538 | F114: 드림클래스_가로타입_276_197 (포토그랩스_276_197_기성 원단커버(가변 스티커) / 276X197 | 하드커버 | 없음 | 48p) | G114: 1 | H114: 김진묵 | I114: 발송완료 | J114: 60
A115: 45643.579 | B115: 45643 | C115: 20241217-000000076 | D115: 스탑북 | E115: 2024121713285121FD | F115: 드림클래스_가로타입_276_197 (포토그랩스_276_197_기성 원단커버(가변 스티커) / 276X197 | 하드커버 | 없음 | 48p) | G115: 1 | H115: 김진묵 | I115: 발송완료 | J115: 60
A116: 45643.579 | B116: 45643 | C116: 20241217-000000077 | D116: 스탑북 | E116: 20241217132743EE2C | F116: 드림클래스_가로타입_276_197 (포토그랩스_276_197_기성 원단커버(가변 스티커) / 276X197 | 하드커버 | 없음 | 48p) | G116: 1 | H116: 김진묵 | I116: 발송완료 | J116: 60
A117: 45643.579 | B117: 45643 | C117: 20241217-000000078 | D117: 스탑북 | E117: 202412171326514C89 | F117: 드림클래스_가로타입_276_197 (포토그랩스_276_197_기성 원단커버(가변 스티커) / 276X197 | 하드커버 | 없음 | 48p) | G117: 1 | H117: 김진묵 | I117: 발송완료 | J117: 60
A118: 45643.579 | B118: 45643 | C118: 20241217-000000079 | D118: 스탑북 | E118: 20241217132553BEC1 | F118: 드림클래스_가로타입_276_197 (포토그랩스_276_197_기성 원단커버(가변 스티커) / 276X197 | 하드커버 | 없음 | 48p) | G118: 1 | H118: 김진묵 | I118: 발송완료 | J118: 60
A119: 45643.58 | B119: 45643 | C119: 20241217-000000080 | D119: 스탑북 | E119: 20241217132427E20F | F119: 드림클래스_가로타입_276_197 (포토그랩스_276_197_기성 원단커버(가변 스티커) / 276X197 | 하드커버 | 없음 | 48p) | G119: 1 | H119: 김진묵 | I119: 발송완료 | J119: 60
A120: 45643.58 | B120: 45643 | C120: 20241217-000000081 | D120: 스탑북 | E120: 20241217132317B345 | F120: 드림클래스_가로타입_276_197 (포토그랩스_276_197_기성 원단커버(가변 스티커) / 276X197 | 하드커버 | 없음 | 48p) | G120: 1 | H120: 김진묵 | I120: 발송완료 | J120: 60
A121: 45643.58 | B121: 45643 | C121: 20241217-000000082 | D121: 스탑북 | E121: 202412171322117870 | F121: 드림클래스_가로타입_276_197 (포토그랩스_276_197_기성 원단커버(가변 스티커) / 276X197 | 하드커버 | 없음 | 48p) | G121: 1 | H121: 김진묵 | I121: 발송완료 | J121: 60
A122: 45643.58 | B122: 45643 | C122: 20241217-000000083 | D122: 스탑북 | E122: 202412171312312F9B | F122: 드림클래스_가로타입_276_197 (포토그랩스_276_197_기성 원단커버(가변 스티커) / 276X197 | 하드커버 | 없음 | 48p) | G122: 1 | H122: 김진묵 | I122: 발송완료 | J122: 60
A123: 45643.68 | B123: 45643 | C123: 20241217-000000132 | D123: 스탑북 | E123: 202412171613475EFB | F123: 레더북 (레더북_210_280_원단커버 포토북 / 210X280 | 원단커버_실제본 | 없음 | 38p | 커버타이틀 1 | 로얄와인) | G123: 12 | H123: 서지인 | I123: 발송완료 | J123: 40
A124: 45644.396 | B124: 45644 | C124: 20241218-000000013 | D124: 스탑북 | E124: 202412180928022437 | F124: 레더북 (레더북_210_280_원단커버 포토북 / 210X280 | 원단커버_실제본 | 없음 | 38p | 커버타이틀 1 | 로얄와인) | G124: 4 | H124: 김웅기 | I124: 발송완료 | J124: 52
... A145: 45651.595 | B145: 45651 | C145: 20241225-000000045 | D145: 스탑북 | E145: 2024122514124636BA | F145: 러브데이북 (러브데이북_280_210_기성커버 / 280X210 | 기본금박(무료) | 없음 | 38p | 퓨어아이보리(기본금박)) | G145: 1 | H145: 설재민 | I145: 발송완료 | J145: 40
A146: 45652.132 | B146: 45652 | C146: 20241226-000000006 | D146: 스탑북 | E146: 2.0241226e+16 | F146: 레더북 (레더북_210_280_원단커버 포토북 / 210X280 | 원단커버_실제본 | 없음 | 38p | 커버타이틀 1 | 로얄와인) | G146: 2 | H146: 최유정 | I146: 발송완료 | J146: 46
A147: 45652.425 | B147: 45652 | C147: 20241226-000000009 | D147: 스탑북 | E147: 20241226100343BF3F | F147: 드림클래스_정사각 타입_248_248 (플라이트북_248_248_소프트 압축 커버 / 248X248 | 소프트압축커버 | 없음 | 48p) | G147: 1 | H147: 민영찬 | I147: 발송완료 | J147: 50
A148: 45652.461 | B148: 45652 | C148: 20241226-000000012 | D148: 스탑북 | E148: 202412261100012BB5 | F148: 시크북(북타입)_277_352_기성 원단커버 (시크북(북타입)_277_352_88p_기성 원단커버 / 277X352 | 하드커버 | 없음 | 58p | 시크블랙) | G148: 1 | H148: 서울수송초등학교 | I148: 발송완료 | J148: 60
A149: 45652.521 | B149: 45652 | C149: 20241226-000000013 | D149: 스탑북 | E149: 2024122612261276D9 | F149: 드림클래스_가로타입_276_197 (포토그랩스_276_197_기성 원단커버(가변 스티커) / 276X197 | 하드커버 | 없음 | 48p) | G149: 1 | H149: 최덕규 | I149: 발송완료 | J149: 50
A150: 45652.704 | B150: 45652 | C150: 20241226-000000032 | D150: 스탑북 | E150: 20241226164751C398 | F150: 드림클래스_가로타입_276_197 (포토그랩스pro_276_197_기성 원단커버(가변 스티커) / 276X197 | 하드커버 | 없음 | 48p) | G150: 1 | H150: 민상진 | I150: 발송완료 | J150: 58
A151: 45652.704 | B151: 45652 | C151: 20241226-000000033 | D151: 스탑북 | E151: 20241226164751C398 | F151: 드림클래스_가로타입_276_197 (포토그랩스pro_276_197_기성 원단커버(가변 스티커) / 276X197 | 하드커버 | 없음 | 48p) | G151: 1 | H151: 민상진 | I151: 발송완료 | J151: 58
A152: 45653.717 | B152: 45653 | C152: 20241227-000000222 | D152: 스탑북 | E152: 202412271706544C15 | F152: 레더북 (레더북_210_280_원단커버 포토북 / 210X280 | 원단커버_실제본 | 없음 | 38p | 커버타이틀 1 | 로얄와인) | G152: 12 | H152: 전지원 | I152: 발송완료 | J152: 40
A153: 45654.518 | B153: 45654 | C153: 20241228-000000016 | D153: 스탑북 | E153: 202412281215098C6F | F153: 드림클래스_세로타입_210_273 (포토그랩스_210_273_기성 원단커버(가변 스티커) / 210X273 | 하드커버 | 없음 | 48p) | G153: 1 | H153: 권성민 | I153: 발송완료 | J153: 60
A154: 45654.899 | B154: 45654 | C154: 20241228-000000048 | D154: 스탑북 | E154: 202412282126472786 | F154: 히스토리북 (가족북(히스토리북)_280_210_기성원단커버+가변 커버 사진 / 280X210 | 원단커버_실제본 | 없음 | 38p) | G154: 1 | H154: 김수명 | I154: 발송완료 | J154: 56
A155: 45655.522 | B155: 45655 | C155: 20241229-000000022 | D155: 스탑북 | E155: 20241229122232FE36 | F155: 드림클래스_정사각 타입_248_248 (플라이트북_248_248_소프트 압축 커버 / 248X248 | 소프트압축커버 | 없음 | 48p) | G155: 1 | H155: 김경훈 | I155: 발송완료 | J155: 60
A156: 45655.752 | B156: 45655 | C156: 20241229-000000035 | D156: 스탑북 | E156: 2024122917582725FA | F156: 히스토리북 (가족북(히스토리북)_280_210_기성원단커버+가변 커버 사진 / 280X210 | 원단커버_실제본 | 없음 | 38p) | G156: 1 | H156: 황인권 | I156: 발송완료 | J156: 40
A157: 45656.64 | B157: 45656 | C157: 20241230-000000155 | D157: 스탑북 | E157: 2.024123e+99 | F157: 레더북 (레더북_210_280_원단커버 포토북 / 210X280 | 원단커버_실제본 | 없음 | 38p | 커버타이틀 1 | 다크네이비) | G157: 8 | H157: 제영지 | I157: 발송완료 | J157: 58
A158: 45657.374 | B158: 45656 | C158: 20241230-000000204 | D158: 스탑북 | E158: 202412301718540217 | F158: 레더북 (레더북_210_280_원단커버 포토북 / 210X280 | 원단커버_실제본 | 없음 | 38p | 커버타이틀 1 | 로얄와인) | G158: 5 | H158: 조수민 | I158: 발송완료 | J158: 44
A159: 45657.408 | B159: 45657 | C159: 20241231-000000015 | D159: 스탑북 | E159: 20241231094117F1C3 | F159: 드림클래스_가로타입_276_197 (플라이트북_276_197_소프트 압축 커버 / 276X197 | 소프트압축커버 | 없음 | 48p) | G159: 1 | H159: 정병귀 | I159: 발송완료 | J159: 60
A160: 45657.474 | B160: 45657 | C160: 20241231-000000034 | D160: 스탑북 | E160: 2024123111070815CA | F160: 드림클래스_정사각 타입_248_248 (포토그랩스_248_248_기성 원단커버(가변 스티커) / 248X248 | 하드커버 | 없음 | 48p) | G160: 1 | H160: 나현숙 | I160: 발송완료 | J160: 50
A161: 45657.993 | B161: 45657 | C161: 20241231-000000187 | D161: 스탑북 | E161: 20241231234400203A | F161: 드림클래스_정사각 타입_248_248 (포토그랩스pro_248_248_기성 원단커버(가변 스티커) / 248X248 | 하드커버 | 없음 | 48p) | G161: 1 | H161: 윤주혜 | I161: 발송완료 | J161: 60
A162: 45658.006 | B162: 45658 | C162: 20250101-000000001 | D162: 스탑북 | E162: 20250101000519F89B | F162: 드림클래스_세로타입_210_273 (플라이트북_210_273_소프트 압축 커버 / 210X273 | 소프트압축커버 | 없음 | 48p) | G162: 1 | H162: 강흥석 | I162: 발송완료 | J162: 50
A163: 45658.751 | B163: 45658 | C163: 20250101-000000048 | D163: 스탑북 | E163: 2025010117545464B5 | F163: 레더북 (레더북_210_280_원단커버 포토북 / 210X280 | 원단커버_실제본 | 없음 | 38p | 커버타이틀 1 | 다크네이비) | G163: 1 | H163: 정지연 | I163: 발송완료 | J163: 40
A164: 45659.64 | B164: 45659 | C164: 20250102-000000062 | D164: 스탑북 | E164: 202501021509549280 | F164: 드림클래스_가로타입_276_197 (플라이트북_276_197_소프트 압축 커버 / 276X197 | 소프트압축커버 | 없음 | 48p) | G164: 1 | H164: 차주영 | I164: 발송완료 | J164: 50
A165: 45659.653 | B165: 45659 | C165: 20250102-000000063 | D165: 스탑북 | E165: 20250102153246066C | F165: 레더북 (레더북_210_280_원단커버 포토북 / 210X280|원단커버_실제본|없음|38p | 커버타이틀 1 | 딥그린) | G165: 2 | H165: 긴태홍 | I165: 발송완료 | J165: 50
A166: 45659.987 | B166: 45659 | C166: 20250102-000000099 | D166: 스탑북 | E166: 202501022334412D3F | F166: 드림클래스_세로타입_210_273 (플라이트북_210_273_소프트 압축 커버 / 210X273 | 소프트압축커버 | 없음 | 48p) | G166: 1 | H166: 정소정 | I166: 발송완료 | J166: 40
A167: 45660.437 | B167: 45659 | C167: 20250102-000000102 | D167: 스탑북 | E167: 20250102231956722B | F167: 러브데이북 (러브데이북_280_210_기성커버 / 280X210 | 기본금박(무료) | 없음 | 38p | 모던그레이(기본금박)) | G167: 1 | H167: 박세진 | I167: 취소완료 | J167: 56
A168: 45660.459 | B168: 45660 | C168: 20250103-000000010 | D168: 스탑북 | E168: 202501031054085DE4 | F168: 셀프스튜디오(앨범타입)__251_248_기성 원단커버 (셀프스튜디오앨범_251_248_20p_기성 원단커버(가변 스티커) / 251X248 | 압축앨범 | 없음 | 20p) | G168: 1 | H168: 박정조 | I168: 발송완료 | J168: 10
A169: 45661.848 | B169: 45661 | C169: 20250104-000000029 | D169: 스탑북 | E169: 20250104201053A07F | F169: 드림클래스_정사각 타입_248_248 (포토그랩스_248_248_기성 원단커버(가변 스티커) / 248X248 | 하드커버 | 없음 | 48p) | G169: 1 | H169: 이동혁 | I169: 발송완료 | J169: 50
... A220: 45679.117 | B220: 45679 | C220: 20250122-000000002 | D220: 스탑북 | E220: 20250122022110232E | F220: 러브데이북 (러브데이북_280_210_기성커버 / 280X210 | 기본금박(무료) | 없음 | 38p | 퓨어아이보리(기본금박)) | G220: 1 | H220: 박태규 | I220: 발송완료 | J220: 60
A221: 45679.354 | B221: 45679 | C221: 20250122-000000004 | D221: 스탑북 | E221: 2.0250122e+25 | F221: 레더북 (레더북_210_280_원단커버 포토북 / 210X280 | 원단커버_실제본 | 없음 | 38p | 커버타이틀 1 | 로얄와인) | G221: 7 | H221: 탁영순 | I221: 발송완료 | J221: 42
A222: 45679.614 | B222: 45679 | C222: 20250122-000000132 | D222: 스탑북 | E222: 2025012214281420DE | F222: 러브데이북 (러브데이북_280_210_기성커버 / 280X210 | 기본금박(무료) | 없음 | 38p | 모던그레이(기본금박)) | G222: 2 | H222: 윤하경 | I222: 발송완료 | J222: 40
A223: 45679.673 | B223: 45679 | C223: 20250122-000000339 | D223: 스탑북 | E223: 2025012216032055FD | F223: 시크북(북타입)_352_277_기성 원단커버 (시크북(북타입)_352_277_38p_기성 원단커버 / 352X277 | 하드커버 | 없음 | 38p | 시크블랙) | G223: 1 | H223: 강경돈 | I223: 발송완료 | J223: 40
A224: 45679.833 | B224: 45679 | C224: 20250122-000000382 | D224: 스탑북 | E224: 20250122195428F0DD | F224: 드림클래스_정사각 타입_248_248 (플라이트북_248_248_소프트 압축 커버 / 248X248 | 소프트압축커버 | 없음 | 48p) | G224: 1 | H224: 김민주 | I224: 발송완료 | J224: 40
A225: 45680.682 | B225: 45680 | C225: 20250123-000000273 | D225: 스탑북 | E225: 202501231617575FB0 | F225: 러브데이북 (러브데이북_280_210_기성커버 / 280X210 | 기본금박(무료) | 없음 | 38p | 퓨어아이보리(기본금박)) | G225: 1 | H225: 권가인 | I225: 발송완료 | J225: 40
A226: 45681.576 | B226: 45681 | C226: 20250124-000000079 | D226: 스탑북 | E226: 20250124134338AA47 | F226: 드림클래스_세로타입_210_273 (포토그랩스_210_273_기성 원단커버(가변 스티커) / 210X273 | 하드커버 | 없음 | 48p) | G226: 1 | H226: 박주희 | I226: 발송완료 | J226: 46
A227: 45681.602 | B227: 45680 | C227: 20250123-000000381 | D227: 스탑북 | E227: 20250123135956CAD7 | F227: 시크북(북타입)_210_280_기성 원단커버 (시크북(북타입)_210_280_58p_기성 원단커버 / 210X280 | 하드커버 | 없음 | 58p | 시크블랙) | G227: 29 | H227: 김지연 | I227: 발송완료 | J227: 60
A228: 45681.918 | B228: 45681 | C228: 20250124-000000610 | D228: 스탑북 | E228: 20250124215137209D | F228: 레더북 (레더북_210_280_원단커버 포토북 / 210X280|원단커버_실제본|없음|38p | 커버타이틀 1 | 딥그린) | G228: 5 | H228: 차용호 | I228: 발송완료 | J228: 40
A229: 45681.966 | B229: 45681 | C229: 20250124-000000612 | D229: 스탑북 | E229: 20250124230739BF84 | F229: 히스토리북 (가족북(히스토리북)_280_210_기성원단커버+가변 커버 사진 / 280X210 | 원단커버_실제본 | 없음 | 38p) | G229: 3 | H229: 방형근 | I229: 발송완료 | J229: 40
A230: 45682.456 | B230: 45682 | C230: 20250125-000000009 | D230: 스탑북 | E230: 20250125104616EB81 | F230: 드림클래스_세로타입_210_273 (플라이트북_210_273_소프트 압축 커버 / 210X273 | 소프트압축커버 | 없음 | 48p) | G230: 1 | H230: 진경화 | I230: 발송완료 | J230: 52
A231: 45683 | B231: 45682 | C231: 20250125-000000062 | D231: 스탑북 | E231: 2025012523522700D6 | F231: 레더북 (레더북_210_280_원단커버 포토북 / 210X280|원단커버_실제본|없음|38p | 커버타이틀 1 | 카멜브라운) | G231: 1 | H231: 양충규 | I231: 발송완료 | J231: 42
A232: 45683.67 | B232: 45683 | C232: 20250126-000000021 | D232: 스탑북 | E232: 20250126155836A227 | F232: 드림클래스_가로타입_276_197 (포토그랩스pro_276_197_기성 원단커버(가변 스티커) / 276X197 | 하드커버 | 없음 | 48p) | G232: 1 | H232: 박선숙 | I232: 발송완료 | J232: 60
A233: 45684.1 | B233: 45684 | C233: 20250127-000000006 | D233: 스탑북 | E233: 20250127021746FE23 | F233: 드림클래스_세로타입_210_273 (플라이트북_210_273_소프트 압축 커버 / 210X273 | 소프트압축커버 | 없음 | 48p) | G233: 1 | H233: 김동현 | I233: 발송완료 | J233: 50
... A303: 45714.973 | B303: 45714 | C303: 20250226-000000080 | D303: 스탑북 | E303: 20250226231154BAE8 | F303: 러브데이북 (러브데이북_280_210_기성커버 / 280X210 | 기본금박(무료) | 없음 | 38p | 퓨어아이보리(기본금박)) | G303: 1 | H303: 이태희 | I303: 발송완료 | J303: 40
A304: 45715.443 | B304: 45715 | C304: 20250227-000000008 | D304: 스탑북 | E304: 2.0250227e+17 | F304: 러브데이북 (러브데이북_280_210_기성커버 / 280X210 | 기본금박(무료) | 없음 | 38p | 모던그레이(기본금박)) | G304: 1 | H304: 장영록 | I304: 발송완료 | J304: 40
A305: 45715.805 | B305: 45715 | C305: 20250227-000000034 | D305: 스탑북 | E305: 202502271915123C65 | F305: 히스토리북 (가족북(히스토리북)_280_210_기성원단커버+가변 커버 사진 / 280X210 | 원단커버_실제본 | 없음 | 38p) | G305: 1 | H305: 김영훈 | I305: 발송완료 | J305: 40
A306: 45715.805 | B306: 45715 | C306: 20250227-000000035 | D306: 스탑북 | E306: 20250227191211B7E6 | F306: 드림클래스_가로타입_276_197 (플라이트북_276_197_소프트 압축 커버 / 276X197 | 소프트압축커버 | 없음 | 48p) | G306: 1 | H306: 신정림 | I306: 발송완료 | J306: 60
A307: 45716.699 | B307: 45716 | C307: 20250228-000000035 | D307: 스탑북 | E307: 202502281640323FC6 | F307: 드림클래스_세로타입_210_273 (플라이트북_210_273_소프트 압축 커버 / 210X273 | 소프트압축커버 | 없음 | 48p) | G307: 1 | H307: 이종영 | I307: 발송완료 | J307: 50

Sheet 연간집계
A1: 2026 | B1: 구분 | C1: 판매상품명 | D1: 상품명 | E1: 상품명 | F1: 건수 | G1: 부수 | H1: 평균부수 | I1: 평균페이지 | J1: 비율 | K1: 소계 | L1: PC | N1: MO | Q1: 구분 | R1: 주문건수 | S1: 주문부수 | T1: 평균부수 | U1: 비율 | V1: PC | X1: MO
F2: =SUM(F3:F1179) -> 4504 | G2: =SUM(G3:G1179) -> 7925 | H2: =IFERROR(G2/F2,"") -> 1.7595471 | L2: =SUM(L3:L1179) -> 7044 | M2: =IFERROR($L2/($L2+$N2),"") -> 0.89300203 | N2: =SUM(N3:N1179) -> 844 | O2: =IFERROR($N2/($N2+$L2),"") -> 0.10699797 | Q2: =COUNTA(Q3:Q1179) -> 24 | R2: =SUM(R3:R1179) -> 4466 | S2: =SUM(S3:S1179) -> 7871 | T2: =IFERROR(S2/R2,"") -> 1.7624272 | V2: =SUM(V3:V1179) -> 7031 | W2: =IFERROR(V2/($V2+$X2),"") -> 0.89327913 | X2: =SUM(X3:X1179) -> 840 | Y2: =IFERROR(X2/($V2+$X2),"") -> 0.10672087 | AA2: =SUM(V2+X2) -> 7871
A3: 포토북 | B3: 스탠다드 | C3: 150*210 | D3: PCMS_150_210 (PCMS_150_210_소프트커버_무광 / 150x210 | 소프트커버무광 | 없음 | 22p) | E3: 스탠다드 포토북 6*8 (소프트/무광) | F3: =COUNTIFS(데이터!F:F,D3,데이터!$N:$N,$A$1) -> 51 | G3: =SUMIFS(데이터!G:G,데이터!F:F,D3,데이터!$N:$N,$A$1) -> 102 | H3: =IFERROR(G3/F3,0) -> 2 | I3: =IFERROR((SUMIFS(데이터!K:K,데이터!F:F,D3,데이터!$N:$N,$A$1))/F3,0) -> 38.352941 | J3: =IFERROR($G3/$G$2,"") -> 0.012870662 | K3: =SUM(G3:G6) -> 914 | L3: =IFERROR(SUMIFS(데이터!$G:$G,데이터!$F:$F,$D3,데이터!$N:$N,$A$1,데이터!$L:$L,L$1),"") -> 102 | M3: =IFERROR($L3/($L3+$N3),"") -> 1 | N3: =IFERROR(SUMIFS(데이터!$G:$G,데이터!$F:$F,$D3,데이터!$N:$N,$A$1,데이터!$L:$L,N$1),"") -> 0 | O3: =IFERROR($N3/($N3+$L3),"") -> 0 | Q3: =IFERROR(__xludf.DUMMYFUNCTION("iferror(SORT( UNIQUE( FILTER( '데이터'!$M:$M, '데이터'!$N:$N = $A$1, '데이터'!$M:$M <> """" ) ), 1, TRUE ),""-"")"),"01.여행 : 개인/가족") -> 01.여행 : 개인/가족 | R3: =IFERROR(COUNTIFS(데이터!$N:$N,$A$1,데이터!$M:$M,$Q3),"") -> 1613 | S3: =IFERROR(SUMIFS(데이터!$G:$G,데이터!$N:$N,$A$1,데이터!$M:$M,$Q3),"") -> 2128 | T3: =IFERROR(S3/R3,0) -> 1.3192808 | U3: =IFERROR(S3/(SUM($S$3:$S1179)),"") -> 0.27035955 | V3: =SUMIFS(데이터!$G:$G,데이터!$N:$N,$A$1,데이터!$M:$M,$Q3,데이터!$L:$L,$V$1) -> 1865 | W3: =IFERROR(V3/($V3+$X3),"") -> 0.87640977 | X3: =SUMIFS(데이터!$G:$G,데이터!$N:$N,$A$1,데이터!$M:$M,$Q3,데이터!$L:$L,$X$1) -> 263 | Y3: =IFERROR(X3/($V3+$X3),"") -> 0.12359023
D4: PCMS_150_210 (PCMS_150_210_소프트커버_유광 / 150x210 | 소프트커버유광 | 없음 | 22p) | E4: 스탠다드 포토북 6*8 (소프트/유광) | F4: =COUNTIFS(데이터!F:F,D4,데이터!$N:$N,$A$1) -> 18 | G4: =SUMIFS(데이터!G:G,데이터!F:F,D4,데이터!$N:$N,$A$1) -> 31 | H4: =IFERROR(G4/F4,0) -> 1.7222222 | I4: =IFERROR((SUMIFS(데이터!K:K,데이터!F:F,D4,데이터!$N:$N,$A$1))/F4,0) -> 34.333333 | J4: =IFERROR($G4/$G$2,"") -> 0.0039116719 | L4: =IFERROR(SUMIFS(데이터!$G:$G,데이터!$F:$F,$D4,데이터!$N:$N,$A$1,데이터!$L:$L,L$1),"") -> 31 | M4: =IFERROR($L4/($L4+$N4),"") -> 1 | N4: =IFERROR(SUMIFS(데이터!$G:$G,데이터!$F:$F,$D4,데이터!$N:$N,$A$1,데이터!$L:$L,N$1),"") -> 0 | O4: =IFERROR($N4/($N4+$L4),"") -> 0 | Q4: =IFERROR(__xludf.DUMMYFUNCTION("""COMPUTED_VALUE"""),"01.여행 : 단체/모임/친구") -> 01.여행 : 단체/모임/친구 | R4: =IFERROR(COUNTIFS(데이터!$N:$N,$A$1,데이터!$M:$M,$Q4),"") -> 331 | S4: =IFERROR(SUMIFS(데이터!$G:$G,데이터!$N:$N,$A$1,데이터!$M:$M,$Q4),"") -> 735 | T4: =IFERROR(S4/R4,0) -> 2.2205438 | U4: =IFERROR(S4/(SUM($S$3:$S1180)),"") -> 0.093380765 | V4: =SUMIFS(데이터!$G:$G,데이터!$N:$N,$A$1,데이터!$M:$M,$Q4,데이터!$L:$L,$V$1) -> 629 | W4: =IFERROR(V4/($V4+$X4),"") -> 0.85578231 | X4: =SUMIFS(데이터!$G:$G,데이터!$N:$N,$A$1,데이터!$M:$M,$Q4,데이터!$L:$L,$X$1) -> 106 | Y4: =IFERROR(X4/($V4+$X4),"") -> 0.14421769
D5: PCMS_150_210 (PCMS_150_210_하드커버_무광 / 150x210 | 하드커버무광 | 없음 | 22p) | E5: 스탠다드 포토북 6*8 (하드/무광) | F5: =COUNTIFS(데이터!F:F,D5,데이터!$N:$N,$A$1) -> 451 | G5: =SUMIFS(데이터!G:G,데이터!F:F,D5,데이터!$N:$N,$A$1) -> 702 | H5: =IFERROR(G5/F5,0) -> 1.556541 | I5: =IFERROR((SUMIFS(데이터!K:K,데이터!F:F,D5,데이터!$N:$N,$A$1))/F5,0) -> 37.911308 | J5: =IFERROR($G5/$G$2,"") -> 0.088580442 | L5: =IFERROR(SUMIFS(데이터!$G:$G,데이터!$F:$F,$D5,데이터!$N:$N,$A$1,데이터!$L:$L,L$1),"") -> 696 | M5: =IFERROR($L5/($L5+$N5),"") -> 1 | N5: =IFERROR(SUMIFS(데이터!$G:$G,데이터!$F:$F,$D5,데이터!$N:$N,$A$1,데이터!$L:$L,N$1),"") -> 0 | O5: =IFERROR($N5/($N5+$L5),"") -> 0 | Q5: =IFERROR(__xludf.DUMMYFUNCTION("""COMPUTED_VALUE"""),"01.여행 : 커플") -> 01.여행 : 커플 | R5: =IFERROR(COUNTIFS(데이터!$N:$N,$A$1,데이터!$M:$M,$Q5),"") -> 105 | S5: =IFERROR(SUMIFS(데이터!$G:$G,데이터!$N:$N,$A$1,데이터!$M:$M,$Q5),"") -> 119 | T5: =IFERROR(S5/R5,0) -> 1.1333333 | U5: =IFERROR(S5/(SUM($S$3:$S1181)),"") -> 0.01511879 | V5: =SUMIFS(데이터!$G:$G,데이터!$N:$N,$A$1,데이터!$M:$M,$Q5,데이터!$L:$L,$V$1) -> 104 | W5: =IFERROR(V5/($V5+$X5),"") -> 0.87394958 | X5: =SUMIFS(데이터!$G:$G,데이터!$N:$N,$A$1,데이터!$M:$M,$Q5,데이터!$L:$L,$X$1) -> 15 | Y5: =IFERROR(X5/($V5+$X5),"") -> 0.12605042
D6: PCMS_150_210 (PCMS_150_210_하드커버_유광 / 150x210 | 하드커버유광 | 없음 | 22p) | E6: 스탠다드 포토북 6*8 (하드/유광) | F6: =COUNTIFS(데이터!F:F,D6,데이터!$N:$N,$A$1) -> 46 | G6: =SUMIFS(데이터!G:G,데이터!F:F,D6,데이터!$N:$N,$A$1) -> 79 | H6: =IFERROR(G6/F6,0) -> 1.7173913 | I6: =IFERROR((SUMIFS(데이터!K:K,데이터!F:F,D6,데이터!$N:$N,$A$1))/F6,0) -> 45.304348 | J6: =IFERROR($G6/$G$2,"") -> 0.0099684543 | L6: =IFERROR(SUMIFS(데이터!$G:$G,데이터!$F:$F,$D6,데이터!$N:$N,$A$1,데이터!$L:$L,L$1),"") -> 79 | M6: =IFERROR($L6/($L6+$N6),"") -> 1 | N6: =IFERROR(SUMIFS(데이터!$G:$G,데이터!$F:$F,$D6,데이터!$N:$N,$A$1,데이터!$L:$L,N$1),"") -> 0 | O6: =IFERROR($N6/($N6+$L6),"") -> 0 | Q6: =IFERROR(__xludf.DUMMYFUNCTION("""COMPUTED_VALUE"""),"02.일상 : 개인/가족") -> 02.일상 : 개인/가족 | R6: =IFERROR(COUNTIFS(데이터!$N:$N,$A$1,데이터!$M:$M,$Q6),"") -> 254 | S6: =IFERROR(SUMIFS(데이터!$G:$G,데이터!$N:$N,$A$1,데이터!$M:$M,$Q6),"") -> 369 | T6: =IFERROR(S6/R6,0) -> 1.4527559 | U6: =IFERROR(S6/(SUM($S$3:$S1182)),"") -> 0.046880955 | V6: =SUMIFS(데이터!$G:$G,데이터!$N:$N,$A$1,데이터!$M:$M,$Q6,데이터!$L:$L,$V$1) -> 337 | W6: =IFERROR(V6/($V6+$X6),"") -> 0.91327913 | X6: =SUMIFS(데이터!$G:$G,데이터!$N:$N,$A$1,데이터!$M:$M,$Q6,데이터!$L:$L,$X$1) -> 32 | Y6: =IFERROR(X6/($V6+$X6),"") -> 0.086720867
C7: 197*278 | D7: PCMS_197_278 (PCMS_197_278_소프트커버_무광 / 197x278 | 소프트커버무광 | 없음 | 22p) | E7: 스탠다드 포토북 8*11 (소프트/무광) | F7: =COUNTIFS(데이터!F:F,D7,데이터!$N:$N,$A$1) -> 42 | G7: =SUMIFS(데이터!G:G,데이터!F:F,D7,데이터!$N:$N,$A$1) -> 66 | H7: =IFERROR(G7/F7,0) -> 1.5714286 | I7: =IFERROR((SUMIFS(데이터!K:K,데이터!F:F,D7,데이터!$N:$N,$A$1))/F7,0) -> 46.857143 | J7: =IFERROR($G7/$G$2,"") -> 0.0083280757 | K7: =SUM(G7:G10) -> 640 | L7: =IFERROR(SUMIFS(데이터!$G:$G,데이터!$F:$F,$D7,데이터!$N:$N,$A$1,데이터!$L:$L,L$1),"") -> 66 | M7: =IFERROR($L7/($L7+$N7),"") -> 1 | N7: =IFERROR(SUMIFS(데이터!$G:$G,데이터!$F:$F,$D7,데이터!$N:$N,$A$1,데이터!$L:$L,N$1),"") -> 0 | O7: =IFERROR($N7/($N7+$L7),"") -> 0 | Q7: =IFERROR(__xludf.DUMMYFUNCTION("""COMPUTED_VALUE"""),"02.일상 : 베이비/성장") -> 02.일상 : 베이비/성장 | R7: =IFERROR(COUNTIFS(데이터!$N:$N,$A$1,데이터!$M:$M,$Q7),"") -> 581 | S7: =IFERROR(SUMIFS(데이터!$G:$G,데이터!$N:$N,$A$1,데이터!$M:$M,$Q7),"") -> 801 | T7: =IFERROR(S7/R7,0) -> 1.3786575 | U7: =IFERROR(S7/(SUM($S$3:$S1183)),"") -> 0.10176598 | V7: =SUMIFS(데이터!$G:$G,데이터!$N:$N,$A$1,데이터!$M:$M,$Q7,데이터!$L:$L,$V$1) -> 651 | W7: =IFERROR(V7/($V7+$X7),"") -> 0.81273408 | X7: =SUMIFS(데이터!$G:$G,데이터!$N:$N,$A$1,데이터!$M:$M,$Q7,데이터!$L:$L,$X$1) -> 150 | Y7: =IFERROR(X7/($V7+$X7),"") -> 0.18726592
D8: PCMS_197_278 (PCMS_197_278_소프트커버_유광 / 197x278 | 소프트커버유광 | 없음 | 22p) | E8: 스탠다드 포토북 8*11 (소프트/유광) | F8: =COUNTIFS(데이터!F:F,D8,데이터!$N:$N,$A$1) -> 19 | G8: =SUMIFS(데이터!G:G,데이터!F:F,D8,데이터!$N:$N,$A$1) -> 26 | H8: =IFERROR(G8/F8,0) -> 1.3684211 | I8: =IFERROR((SUMIFS(데이터!K:K,데이터!F:F,D8,데이터!$N:$N,$A$1))/F8,0) -> 46 | J8: =IFERROR($G8/$G$2,"") -> 0.0032807571 | L8: =IFERROR(SUMIFS(데이터!$G:$G,데이터!$F:$F,$D8,데이터!$N:$N,$A$1,데이터!$L:$L,L$1),"") -> 26 | M8: =IFERROR($L8/($L8+$N8),"") -> 1 | N8: =IFERROR(SUMIFS(데이터!$G:$G,데이터!$F:$F,$D8,데이터!$N:$N,$A$1,데이터!$L:$L,N$1),"") -> 0 | O8: =IFERROR($N8/($N8+$L8),"") -> 0 | Q8: =IFERROR(__xludf.DUMMYFUNCTION("""COMPUTED_VALUE"""),"02.일상 : 커플") -> 02.일상 : 커플 | R8: =IFERROR(COUNTIFS(데이터!$N:$N,$A$1,데이터!$M:$M,$Q8),"") -> 85 | S8: =IFERROR(SUMIFS(데이터!$G:$G,데이터!$N:$N,$A$1,데이터!$M:$M,$Q8),"") -> 95 | T8: =IFERROR(S8/R8,0) -> 1.1176471 | U8: =IFERROR(S8/(SUM($S$3:$S1184)),"") -> 0.012069623 | V8: =SUMIFS(데이터!$G:$G,데이터!$N:$N,$A$1,데이터!$M:$M,$Q8,데이터!$L:$L,$V$1) -> 70 | W8: =IFERROR(V8/($V8+$X8),"") -> 0.73684211 | X8: =SUMIFS(데이터!$G:$G,데이터!$N:$N,$A$1,데이터!$M:$M,$Q8,데이터!$L:$L,$X$1) -> 25 | Y8: =IFERROR(X8/($V8+$X8),"") -> 0.26315789
D9: PCMS_197_278 (PCMS_197_278_하드커버_무광 / 197x278 | 하드커버무광 | 없음 | 22p) | E9: 스탠다드 포토북 8*11 (하드/무광) | F9: =COUNTIFS(데이터!F:F,D9,데이터!$N:$N,$A$1) -> 290 | G9: =SUMIFS(데이터!G:G,데이터!F:F,D9,데이터!$N:$N,$A$1) -> 381 | H9: =IFERROR(G9/F9,0) -> 1.3137931 | I9: =IFERROR((SUMIFS(데이터!K:K,데이터!F:F,D9,데이터!$N:$N,$A$1))/F9,0) -> 40.737931 | J9: =IFERROR($G9/$G$2,"") -> 0.04807571 | L9: =IFERROR(SUMIFS(데이터!$G:$G,데이터!$F:$F,$D9,데이터!$N:$N,$A$1,데이터!$L:$L,L$1),"") -> 378 | M9: =IFERROR($L9/($L9+$N9),"") -> 1 | N9: =IFERROR(SUMIFS(데이터!$G:$G,데이터!$F:$F,$D9,데이터!$N:$N,$A$1,데이터!$L:$L,N$1),"") -> 0 | O9: =IFERROR($N9/($N9+$L9),"") -> 0 | Q9: =IFERROR(__xludf.DUMMYFUNCTION("""COMPUTED_VALUE"""),"03.행사/기념 : 개인/가족") -> 03.행사/기념 : 개인/가족 | R9: =IFERROR(COUNTIFS(데이터!$N:$N,$A$1,데이터!$M:$M,$Q9),"") -> 194 | S9: =IFERROR(SUMIFS(데이터!$G:$G,데이터!$N:$N,$A$1,데이터!$M:$M,$Q9),"") -> 283 | T9: =IFERROR(S9/R9,0) -> 1.4587629 | U9: =IFERROR(S9/(SUM($S$3:$S1185)),"") -> 0.035954771 | V9: =SUMIFS(데이터!$G:$G,데이터!$N:$N,$A$1,데이터!$M:$M,$Q9,데이터!$L:$L,$V$1) -> 252 | W9: =IFERROR(V9/($V9+$X9),"") -> 0.89045936 | X9: =SUMIFS(데이터!$G:$G,데이터!$N:$N,$A$1,데이터!$M:$M,$Q9,데이터!$L:$L,$X$1) -> 31 | Y9: =IFERROR(X9/($V9+$X9),"") -> 0.10954064
D10: PCMS_197_278 (PCMS_197_278_하드커버_유광 / 197x278 | 하드커버유광 | 없음 | 22p) | E10: 스탠다드 포토북 8*11 (하드/유광) | F10: =COUNTIFS(데이터!F:F,D10,데이터!$N:$N,$A$1) -> 89 | G10: =SUMIFS(데이터!G:G,데이터!F:F,D10,데이터!$N:$N,$A$1) -> 167 | H10: =IFERROR(G10/F10,0) -> 1.8764045 | I10: =IFERROR((SUMIFS(데이터!K:K,데이터!F:F,D10,데이터!$N:$N,$A$1))/F10,0) -> 43.101124 | J10: =IFERROR($G10/$G$2,"") -> 0.021072555 | L10: =IFERROR(SUMIFS(데이터!$G:$G,데이터!$F:$F,$D10,데이터!$N:$N,$A$1,데이터!$L:$L,L$1),"") -> 167 | M10: =IFERROR($L10/($L10+$N10),"") -> 1 | N10: =IFERROR(SUMIFS(데이터!$G:$G,데이터!$F:$F,$D10,데이터!$N:$N,$A$1,데이터!$L:$L,N$1),"") -> 0 | O10: =IFERROR($N10/($N10+$L10),"") -> 0 | Q10: =IFERROR(__xludf.DUMMYFUNCTION("""COMPUTED_VALUE"""),"03.행사/기념 : 기업/기관/단체") -> 03.행사/기념 : 기업/기관/단체 | R10: =IFERROR(COUNTIFS(데이터!$N:$N,$A$1,데이터!$M:$M,$Q10),"") -> 146 | S10: =IFERROR(SUMIFS(데이터!$G:$G,데이터!$N:$N,$A$1,데이터!$M:$M,$Q10),"") -> 866 | T10: =IFERROR(S10/R10,0) -> 5.9315068 | U10: =IFERROR(S10/(SUM($S$3:$S1186)),"") -> 0.11002414 | V10: =SUMIFS(데이터!$G:$G,데이터!$N:$N,$A$1,데이터!$M:$M,$Q10,데이터!$L:$L,$V$1) -> 846 | W10: =IFERROR(V10/($V10+$X10),"") -> 0.97690531 | X10: =SUMIFS(데이터!$G:$G,데이터!$N:$N,$A$1,데이터!$M:$M,$Q10,데이터!$L:$L,$X$1) -> 20 | Y10: =IFERROR(X10/($V10+$X10),"") -> 0.023094688
C11: 198*198 | D11: PCMS_198_198 (PCMS_198_198_소프트커버_무광 / 198x198 | 소프트커버무광 | 없음 | 22p) | E11: 스탠다드 포토북 8*8 (소프트/무광) | F11: =COUNTIFS(데이터!F:F,D11,데이터!$N:$N,$A$1) -> 47 | G11: =SUMIFS(데이터!G:G,데이터!F:F,D11,데이터!$N:$N,$A$1) -> 83 | H11: =IFERROR(G11/F11,0) -> 1.7659574 | I11: =IFERROR((SUMIFS(데이터!K:K,데이터!F:F,D11,데이터!$N:$N,$A$1))/F11,0) -> 52.893617 | J11: =IFERROR($G11/$G$2,"") -> 0.010473186 | K11: =SUM(G11:G14) -> 469 | L11: =IFERROR(SUMIFS(데이터!$G:$G,데이터!$F:$F,$D11,데이터!$N:$N,$A$1,데이터!$L:$L,L$1),"") -> 83 | M11: =IFERROR($L11/($L11+$N11),"") -> 1 | N11: =IFERROR(SUMIFS(데이터!$G:$G,데이터!$F:$F,$D11,데이터!$N:$N,$A$1,데이터!$L:$L,N$1),"") -> 0 | O11: =IFERROR($N11/($N11+$L11),"") -> 0 | Q11: =IFERROR(__xludf.DUMMYFUNCTION("""COMPUTED_VALUE"""),"03.행사/기념 : 베이비") -> 03.행사/기념 : 베이비 | R11: =IFERROR(COUNTIFS(데이터!$N:$N,$A$1,데이터!$M:$M,$Q11),"") -> 61 | S11: =IFERROR(SUMIFS(데이터!$G:$G,데이터!$N:$N,$A$1,데이터!$M:$M,$Q11),"") -> 100 | T11: =IFERROR(S11/R11,0) -> 1.6393443 | U11: =IFERROR(S11/(SUM($S$3:$S1187)),"") -> 0.012704866 | V11: =SUMIFS(데이터!$G:$G,데이터!$N:$N,$A$1,데이터!$M:$M,$Q11,데이터!$L:$L,$V$1) -> 94 | W11: =IFERROR(V11/($V11+$X11),"") -> 0.94 | X11: =SUMIFS(데이터!$G:$G,데이터!$N:$N,$A$1,데이터!$M:$M,$Q11,데이터!$L:$L,$X$1) -> 6 | Y11: =IFERROR(X11/($V11+$X11),"") -> 0.06
D12: PCMS_198_198 (PCMS_198_198_소프트커버_유광 / 198x198 | 소프트커버유광 | 없음 | 22p) | E12: 스탠다드 포토북 8*8 (소프트/유광) | F12: =COUNTIFS(데이터!F:F,D12,데이터!$N:$N,$A$1) -> 11 | G12: =SUMIFS(데이터!G:G,데이터!F:F,D12,데이터!$N:$N,$A$1) -> 16 | H12: =IFERROR(G12/F12,0) -> 1.4545455 | I12: =IFERROR((SUMIFS(데이터!K:K,데이터!F:F,D12,데이터!$N:$N,$A$1))/F12,0) -> 54 | J12: =IFERROR($G12/$G$2,"") -> 0.0020189274 | L12: =IFERROR(SUMIFS(데이터!$G:$G,데이터!$F:$F,$D12,데이터!$N:$N,$A$1,데이터!$L:$L,L$1),"") -> 16 | M12: =IFERROR($L12/($L12+$N12),"") -> 1 | N12: =IFERROR(SUMIFS(데이터!$G:$G,데이터!$F:$F,$D12,데이터!$N:$N,$A$1,데이터!$L:$L,N$1),"") -> 0 | O12: =IFERROR($N12/($N12+$L12),"") -> 0 | Q12: =IFERROR(__xludf.DUMMYFUNCTION("""COMPUTED_VALUE"""),"03.행사/기념 : 웨딩") -> 03.행사/기념 : 웨딩 | R12: =IFERROR(COUNTIFS(데이터!$N:$N,$A$1,데이터!$M:$M,$Q12),"") -> 87 | S12: =IFERROR(SUMIFS(데이터!$G:$G,데이터!$N:$N,$A$1,데이터!$M:$M,$Q12),"") -> 97 | T12: =IFERROR(S12/R12,0) -> 1.1149425 | U12: =IFERROR(S12/(SUM($S$3:$S1188)),"") -> 0.01232372 | V12: =SUMIFS(데이터!$G:$G,데이터!$N:$N,$A$1,데이터!$M:$M,$Q12,데이터!$L:$L,$V$1) -> 90 | W12: =IFERROR(V12/($V12+$X12),"") -> 0.92783505 | X12: =SUMIFS(데이터!$G:$G,데이터!$N:$N,$A$1,데이터!$M:$M,$Q12,데이터!$L:$L,$X$1) -> 7 | Y12: =IFERROR(X12/($V12+$X12),"") -> 0.072164948
D13: PCMS_198_198 (PCMS_198_198_하드커버_무광 / 198x198 | 하드커버무광 | 없음 | 22p) | E13: 스탠다드 포토북 8*8 (하드/무광) | F13: =COUNTIFS(데이터!F:F,D13,데이터!$N:$N,$A$1) -> 177 | G13: =SUMIFS(데이터!G:G,데이터!F:F,D13,데이터!$N:$N,$A$1) -> 282 | H13: =IFERROR(G13/F13,0) -> 1.5932203 | I13: =IFERROR((SUMIFS(데이터!K:K,데이터!F:F,D13,데이터!$N:$N,$A$1))/F13,0) -> 40.632768 | J13: =IFERROR($G13/$G$2,"") -> 0.035583596 | L13: =IFERROR(SUMIFS(데이터!$G:$G,데이터!$F:$F,$D13,데이터!$N:$N,$A$1,데이터!$L:$L,L$1),"") -> 282 | M13: =IFERROR($L13/($L13+$N13),"") -> 1 | N13: =IFERROR(SUMIFS(데이터!$G:$G,데이터!$F:$F,$D13,데이터!$N:$N,$A$1,데이터!$L:$L,N$1),"") -> 0 | O13: =IFERROR($N13/($N13+$L13),"") -> 0 | Q13: =IFERROR(__xludf.DUMMYFUNCTION("""COMPUTED_VALUE"""),"04.작품 : 개인") -> 04.작품 : 개인 | R13: =IFERROR(COUNTIFS(데이터!$N:$N,$A$1,데이터!$M:$M,$Q13),"") -> 110 | S13: =IFERROR(SUMIFS(데이터!$G:$G,데이터!$N:$N,$A$1,데이터!$M:$M,$Q13),"") -> 341 | T13: =IFERROR(S13/R13,0) -> 3.1 | U13: =IFERROR(S13/(SUM($S$3:$S1189)),"") -> 0.043323593 | V13: =SUMIFS(데이터!$G:$G,데이터!$N:$N,$A$1,데이터!$M:$M,$Q13,데이터!$L:$L,$V$1) -> 297 | W13: =IFERROR(V13/($V13+$X13),"") -> 0.87096774 | X13: =SUMIFS(데이터!$G:$G,데이터!$N:$N,$A$1,데이터!$M:$M,$Q13,데이터!$L:$L,$X$1) -> 44 | Y13: =IFERROR(X13/($V13+$X13),"") -> 0.12903226
D14: PCMS_198_198 (PCMS_198_198_하드커버_유광 / 198x198 | 하드커버유광 | 없음 | 22p) | E14: 스탠다드 포토북 8*8 (하드/유광) | F14: =COUNTIFS(데이터!F:F,D14,데이터!$N:$N,$A$1) -> 62 | G14: =SUMIFS(데이터!G:G,데이터!F:F,D14,데이터!$N:$N,$A$1) -> 88 | H14: =IFERROR(G14/F14,0) -> 1.4193548 | I14: =IFERROR((SUMIFS(데이터!K:K,데이터!F:F,D14,데이터!$N:$N,$A$1))/F14,0) -> 32.258065 | J14: =IFERROR($G14/$G$2,"") -> 0.011104101 | L14: =IFERROR(SUMIFS(데이터!$G:$G,데이터!$F:$F,$D14,데이터!$N:$N,$A$1,데이터!$L:$L,L$1),"") -> 88 | M14: =IFERROR($L14/($L14+$N14),"") -> 1 | N14: =IFERROR(SUMIFS(데이터!$G:$G,데이터!$F:$F,$D14,데이터!$N:$N,$A$1,데이터!$L:$L,N$1),"") -> 0 | O14: =IFERROR($N14/($N14+$L14),"") -> 0 | Q14: =IFERROR(__xludf.DUMMYFUNCTION("""COMPUTED_VALUE"""),"04.작품 : 기업/기관/단체") -> 04.작품 : 기업/기관/단체 | R14: =IFERROR(COUNTIFS(데이터!$N:$N,$A$1,데이터!$M:$M,$Q14),"") -> 1 | S14: =IFERROR(SUMIFS(데이터!$G:$G,데이터!$N:$N,$A$1,데이터!$M:$M,$Q14),"") -> 1 | T14: =IFERROR(S14/R14,0) -> 1 | U14: =IFERROR(S14/(SUM($S$3:$S1190)),"") -> 0.00012704866 | V14: =SUMIFS(데이터!$G:$G,데이터!$N:$N,$A$1,데이터!$M:$M,$Q14,데이터!$L:$L,$V$1) -> 1 | W14: =IFERROR(V14/($V14+$X14),"") -> 1 | X14: =SUMIFS(데이터!$G:$G,데이터!$N:$N,$A$1,데이터!$M:$M,$Q14,데이터!$L:$L,$X$1) -> 0 | Y14: =IFERROR(X14/($V14+$X14),"") -> 0
C15: 200*147 | D15: PCMS_200_147 (PCMS_200_147_소프트커버_무광 / 200x147 | 소프트커버무광 | 없음 | 22p) | E15: 스탠다드 포토북 8*6 (소프트/무광) | F15: =COUNTIFS(데이터!F:F,D15,데이터!$N:$N,$A$1) -> 16 | G15: =SUMIFS(데이터!G:G,데이터!F:F,D15,데이터!$N:$N,$A$1) -> 21 | H15: =IFERROR(G15/F15,0) -> 1.3125 | I15: =IFERROR((SUMIFS(데이터!K:K,데이터!F:F,D15,데이터!$N:$N,$A$1))/F15,0) -> 29.25 | J15: =IFERROR($G15/$G$2,"") -> 0.0026498423 | K15: =SUM(G15:G18) -> 157 | L15: =IFERROR(SUMIFS(데이터!$G:$G,데이터!$F:$F,$D15,데이터!$N:$N,$A$1,데이터!$L:$L,L$1),"") -> 21 | M15: =IFERROR($L15/($L15+$N15),"") -> 1 | N15: =IFERROR(SUMIFS(데이터!$G:$G,데이터!$F:$F,$D15,데이터!$N:$N,$A$1,데이터!$L:$L,N$1),"") -> 0 | O15: =IFERROR($N15/($N15+$L15),"") -> 0 | Q15: =IFERROR(__xludf.DUMMYFUNCTION("""COMPUTED_VALUE"""),"04.작품 : 학교") -> 04.작품 : 학교 | R15: =IFERROR(COUNTIFS(데이터!$N:$N,$A$1,데이터!$M:$M,$Q15),"") -> 14 | S15: =IFERROR(SUMIFS(데이터!$G:$G,데이터!$N:$N,$A$1,데이터!$M:$M,$Q15),"") -> 52 | T15: =IFERROR(S15/R15,0) -> 3.7142857 | U15: =IFERROR(S15/(SUM($S$3:$S1191)),"") -> 0.0066065303 | V15: =SUMIFS(데이터!$G:$G,데이터!$N:$N,$A$1,데이터!$M:$M,$Q15,데이터!$L:$L,$V$1) -> 52 | W15: =IFERROR(V15/($V15+$X15),"") -> 1 | X15: =SUMIFS(데이터!$G:$G,데이터!$N:$N,$A$1,데이터!$M:$M,$Q15,데이터!$L:$L,$X$1) -> 0 | Y15: =IFERROR(X15/($V15+$X15),"") -> 0
D16: PCMS_200_147 (PCMS_200_147_소프트커버_유광 / 200x147 | 소프트커버유광 | 없음 | 22p) | E16: 스탠다드 포토북 8*6 (소프트/유광) | F16: =COUNTIFS(데이터!F:F,D16,데이터!$N:$N,$A$1) -> 3 | G16: =SUMIFS(데이터!G:G,데이터!F:F,D16,데이터!$N:$N,$A$1) -> 3 | H16: =IFERROR(G16/F16,0) -> 1 | I16: =IFERROR((SUMIFS(데이터!K:K,데이터!F:F,D16,데이터!$N:$N,$A$1))/F16,0) -> 40 | J16: =IFERROR($G16/$G$2,"") -> 0.0003785489 | L16: =IFERROR(SUMIFS(데이터!$G:$G,데이터!$F:$F,$D16,데이터!$N:$N,$A$1,데이터!$L:$L,L$1),"") -> 3 | M16: =IFERROR($L16/($L16+$N16),"") -> 1 | N16: =IFERROR(SUMIFS(데이터!$G:$G,데이터!$F:$F,$D16,데이터!$N:$N,$A$1,데이터!$L:$L,N$1),"") -> 0 | O16: =IFERROR($N16/($N16+$L16),"") -> 0 | Q16: =IFERROR(__xludf.DUMMYFUNCTION("""COMPUTED_VALUE"""),"05.활동집 : 어린이집/유치원") -> 05.활동집 : 어린이집/유치원 | R16: =IFERROR(COUNTIFS(데이터!$N:$N,$A$1,데이터!$M:$M,$Q16),"") -> 128 | S16: =IFERROR(SUMIFS(데이터!$G:$G,데이터!$N:$N,$A$1,데이터!$M:$M,$Q16),"") -> 266 | T16: =IFERROR(S16/R16,0) -> 2.078125 | U16: =IFERROR(S16/(SUM($S$3:$S1192)),"") -> 0.033794943 | V16: =SUMIFS(데이터!$G:$G,데이터!$N:$N,$A$1,데이터!$M:$M,$Q16,데이터!$L:$L,$V$1) -> 266 | W16: =IFERROR(V16/($V16+$X16),"") -> 1 | X16: =SUMIFS(데이터!$G:$G,데이터!$N:$N,$A$1,데이터!$M:$M,$Q16,데이터!$L:$L,$X$1) -> 0 | Y16: =IFERROR(X16/($V16+$X16),"") -> 0
D17: PCMS_200_147 (PCMS_200_147_하드커버_무광 / 200x147 | 하드커버무광 | 없음 | 22p) | E17: 스탠다드 포토북 8*6 (하드/무광) | F17: =COUNTIFS(데이터!F:F,D17,데이터!$N:$N,$A$1) -> 61 | G17: =SUMIFS(데이터!G:G,데이터!F:F,D17,데이터!$N:$N,$A$1) -> 119 | H17: =IFERROR(G17/F17,0) -> 1.9508197 | I17: =IFERROR((SUMIFS(데이터!K:K,데이터!F:F,D17,데이터!$N:$N,$A$1))/F17,0) -> 40.327869 | J17: =IFERROR($G17/$G$2,"") -> 0.015015773 | L17: =IFERROR(SUMIFS(데이터!$G:$G,데이터!$F:$F,$D17,데이터!$N:$N,$A$1,데이터!$L:$L,L$1),"") -> 119 | M17: =IFERROR($L17/($L17+$N17),"") -> 1 | N17: =IFERROR(SUMIFS(데이터!$G:$G,데이터!$F:$F,$D17,데이터!$N:$N,$A$1,데이터!$L:$L,N$1),"") -> 0 | O17: =IFERROR($N17/($N17+$L17),"") -> 0 | Q17: =IFERROR(__xludf.DUMMYFUNCTION("""COMPUTED_VALUE"""),"05.활동집 : 학교") -> 05.활동집 : 학교 | R17: =IFERROR(COUNTIFS(데이터!$N:$N,$A$1,데이터!$M:$M,$Q17),"") -> 103 | S17: =IFERROR(SUMIFS(데이터!$G:$G,데이터!$N:$N,$A$1,데이터!$M:$M,$Q17),"") -> 190 | T17: =IFERROR(S17/R17,0) -> 1.8446602 | U17: =IFERROR(S17/(SUM($S$3:$S1193)),"") -> 0.024139245 | V17: =SUMIFS(데이터!$G:$G,데이터!$N:$N,$A$1,데이터!$M:$M,$Q17,데이터!$L:$L,$V$1) -> 178 | W17: =IFERROR(V17/($V17+$X17),"") -> 0.93684211 | X17: =SUMIFS(데이터!$G:$G,데이터!$N:$N,$A$1,데이터!$M:$M,$Q17,데이터!$L:$L,$X$1) -> 12 | Y17: =IFERROR(X17/($V17+$X17),"") -> 0.063157895
D18: PCMS_200_147 (PCMS_200_147_하드커버_유광 / 200x147 | 하드커버유광 | 없음 | 22p) | E18: 스탠다드 포토북 8*6 (하드/유광) | F18: =COUNTIFS(데이터!F:F,D18,데이터!$N:$N,$A$1) -> 14 | G18: =SUMIFS(데이터!G:G,데이터!F:F,D18,데이터!$N:$N,$A$1) -> 14 | H18: =IFERROR(G18/F18,0) -> 1 | I18: =IFERROR((SUMIFS(데이터!K:K,데이터!F:F,D18,데이터!$N:$N,$A$1))/F18,0) -> 27.428571 | J18: =IFERROR($G18/$G$2,"") -> 0.0017665615 | L18: =IFERROR(SUMIFS(데이터!$G:$G,데이터!$F:$F,$D18,데이터!$N:$N,$A$1,데이터!$L:$L,L$1),"") -> 14 | M18: =IFERROR($L18/($L18+$N18),"") -> 1 | N18: =IFERROR(SUMIFS(데이터!$G:$G,데이터!$F:$F,$D18,데이터!$N:$N,$A$1,데이터!$L:$L,N$1),"") -> 0 | O18: =IFERROR($N18/($N18+$L18),"") -> 0 | Q18: =IFERROR(__xludf.DUMMYFUNCTION("""COMPUTED_VALUE"""),"06.졸업 : 어린이집/유치원") -> 06.졸업 : 어린이집/유치원 | R18: =IFERROR(COUNTIFS(데이터!$N:$N,$A$1,데이터!$M:$M,$Q18),"") -> 282 | S18: =IFERROR(SUMIFS(데이터!$G:$G,데이터!$N:$N,$A$1,데이터!$M:$M,$Q18),"") -> 330 | T18: =IFERROR(S18/R18,0) -> 1.1702128 | U18: =IFERROR(S18/(SUM($S$3:$S1194)),"") -> 0.041926058 | V18: =SUMIFS(데이터!$G:$G,데이터!$N:$N,$A$1,데이터!$M:$M,$Q18,데이터!$L:$L,$V$1) -> 329 | W18: =IFERROR(V18/($V18+$X18),"") -> 0.9969697 | X18: =SUMIFS(데이터!$G:$G,데이터!$N:$N,$A$1,데이터!$M:$M,$Q18,데이터!$L:$L,$X$1) -> 1 | Y18: =IFERROR(X18/($V18+$X18),"") -> 0.003030303
C19: 270*200 | D19: PCMS_270_200 (PCMS_270_200_소프트커버_무광 / 270x200 | 소프트커버무광 | 없음 | 22p) | E19: 스탠다드 포토북 11*8 (소프트/무광) | F19: =COUNTIFS(데이터!F:F,D19,데이터!$N:$N,$A$1) -> 12 | G19: =SUMIFS(데이터!G:G,데이터!F:F,D19,데이터!$N:$N,$A$1) -> 14 | H19: =IFERROR(G19/F19,0) -> 1.1666667 | I19: =IFERROR((SUMIFS(데이터!K:K,데이터!F:F,D19,데이터!$N:$N,$A$1))/F19,0) -> 44.333333 | J19: =IFERROR($G19/$G$2,"") -> 0.0017665615 | K19: =SUM(G19:G22) -> 234 | L19: =IFERROR(SUMIFS(데이터!$G:$G,데이터!$F:$F,$D19,데이터!$N:$N,$A$1,데이터!$L:$L,L$1),"") -> 14 | M19: =IFERROR($L19/($L19+$N19),"") -> 1 | N19: =IFERROR(SUMIFS(데이터!$G:$G,데이터!$F:$F,$D19,데이터!$N:$N,$A$1,데이터!$L:$L,N$1),"") -> 0 | O19: =IFERROR($N19/($N19+$L19),"") -> 0 | Q19: =IFERROR(__xludf.DUMMYFUNCTION("""COMPUTED_VALUE"""),"06.졸업 : 학교") -> 06.졸업 : 학교 | R19: =IFERROR(COUNTIFS(데이터!$N:$N,$A$1,데이터!$M:$M,$Q19),"") -> 48 | S19: =IFERROR(SUMIFS(데이터!$G:$G,데이터!$N:$N,$A$1,데이터!$M:$M,$Q19),"") -> 252 | T19: =IFERROR(S19/R19,0) -> 5.25 | U19: =IFERROR(S19/(SUM($S$3:$S1195)),"") -> 0.032016262 | V19: =SUMIFS(데이터!$G:$G,데이터!$N:$N,$A$1,데이터!$M:$M,$Q19,데이터!$L:$L,$V$1) -> 250 | W19: =IFERROR(V19/($V19+$X19),"") -> 0.99206349 | X19: =SUMIFS(데이터!$G:$G,데이터!$N:$N,$A$1,데이터!$M:$M,$Q19,데이터!$L:$L,$X$1) -> 2 | Y19: =IFERROR(X19/($V19+$X19),"") -> 0.0079365079
D20: PCMS_270_200 (PCMS_270_200_소프트커버_유광 / 270x200 | 소프트커버유광 | 없음 | 22p) | E20: 스탠다드 포토북 11*8 (소프트/유광) | F20: =COUNTIFS(데이터!F:F,D20,데이터!$N:$N,$A$1) -> 4 | G20: =SUMIFS(데이터!G:G,데이터!F:F,D20,데이터!$N:$N,$A$1) -> 5 | H20: =IFERROR(G20/F20,0) -> 1.25 | I20: =IFERROR((SUMIFS(데이터!K:K,데이터!F:F,D20,데이터!$N:$N,$A$1))/F20,0) -> 50 | J20: =IFERROR($G20/$G$2,"") -> 0.00063091483 | L20: =IFERROR(SUMIFS(데이터!$G:$G,데이터!$F:$F,$D20,데이터!$N:$N,$A$1,데이터!$L:$L,L$1),"") -> 5 | M20: =IFERROR($L20/($L20+$N20),"") -> 1 | N20: =IFERROR(SUMIFS(데이터!$G:$G,데이터!$F:$F,$D20,데이터!$N:$N,$A$1,데이터!$L:$L,N$1),"") -> 0 | O20: =IFERROR($N20/($N20+$L20),"") -> 0 | Q20: =IFERROR(__xludf.DUMMYFUNCTION("""COMPUTED_VALUE"""),"07.종교") -> 07.종교 | R20: =IFERROR(COUNTIFS(데이터!$N:$N,$A$1,데이터!$M:$M,$Q20),"") -> 83 | S20: =IFERROR(SUMIFS(데이터!$G:$G,데이터!$N:$N,$A$1,데이터!$M:$M,$Q20),"") -> 191 | T20: =IFERROR(S20/R20,0) -> 2.3012048 | U20: =IFERROR(S20/(SUM($S$3:$S1196)),"") -> 0.024266294 | V20: =SUMIFS(데이터!$G:$G,데이터!$N:$N,$A$1,데이터!$M:$M,$Q20,데이터!$L:$L,$V$1) -> 183 | W20: =IFERROR(V20/($V20+$X20),"") -> 0.95811518 | X20: =SUMIFS(데이터!$G:$G,데이터!$N:$N,$A$1,데이터!$M:$M,$Q20,데이터!$L:$L,$X$1) -> 8 | Y20: =IFERROR(X20/($V20+$X20),"") -> 0.041884817
D21: PCMS_270_200 (PCMS_270_200_하드커버_무광 / 270x200 | 하드커버무광 | 없음 | 22p) | E21: 스탠다드 포토북 11*8 (하드/무광) | F21: =COUNTIFS(데이터!F:F,D21,데이터!$N:$N,$A$1) -> 75 | G21: =SUMIFS(데이터!G:G,데이터!F:F,D21,데이터!$N:$N,$A$1) -> 193 | H21: =IFERROR(G21/F21,0) -> 2.5733333 | I21: =IFERROR((SUMIFS(데이터!K:K,데이터!F:F,D21,데이터!$N:$N,$A$1))/F21,0) -> 37.226667 | J21: =IFERROR($G21/$G$2,"") -> 0.024353312 | L21: =IFERROR(SUMIFS(데이터!$G:$G,데이터!$F:$F,$D21,데이터!$N:$N,$A$1,데이터!$L:$L,L$1),"") -> 192 | M21: =IFERROR($L21/($L21+$N21),"") -> 1 | N21: =IFERROR(SUMIFS(데이터!$G:$G,데이터!$F:$F,$D21,데이터!$N:$N,$A$1,데이터!$L:$L,N$1),"") -> 0 | O21: =IFERROR($N21/($N21+$L21),"") -> 0 | Q21: =IFERROR(__xludf.DUMMYFUNCTION("""COMPUTED_VALUE"""),"08.굿즈") -> 08.굿즈 | R21: =IFERROR(COUNTIFS(데이터!$N:$N,$A$1,데이터!$M:$M,$Q21),"") -> 76 | S21: =IFERROR(SUMIFS(데이터!$G:$G,데이터!$N:$N,$A$1,데이터!$M:$M,$Q21),"") -> 227 | T21: =IFERROR(S21/R21,0) -> 2.9868421 | U21: =IFERROR(S21/(SUM($S$3:$S1197)),"") -> 0.028840046 | V21: =SUMIFS(데이터!$G:$G,데이터!$N:$N,$A$1,데이터!$M:$M,$Q21,데이터!$L:$L,$V$1) -> 144 | W21: =IFERROR(V21/($V21+$X21),"") -> 0.63436123 | X21: =SUMIFS(데이터!$G:$G,데이터!$N:$N,$A$1,데이터!$M:$M,$Q21,데이터!$L:$L,$X$1) -> 83 | Y21: =IFERROR(X21/($V21+$X21),"") -> 0.36563877
D22: PCMS_270_200 (PCMS_270_200_하드커버_유광 / 270x200 | 하드커버유광 | 없음 | 22p) | E22: 스탠다드 포토북 11*8 (하드/유광) | F22: =COUNTIFS(데이터!F:F,D22,데이터!$N:$N,$A$1) -> 20 | G22: =SUMIFS(데이터!G:G,데이터!F:F,D22,데이터!$N:$N,$A$1) -> 22 | H22: =IFERROR(G22/F22,0) -> 1.1 | I22: =IFERROR((SUMIFS(데이터!K:K,데이터!F:F,D22,데이터!$N:$N,$A$1))/F22,0) -> 44.4 | J22: =IFERROR($G22/$G$2,"") -> 0.0027760252 | L22: =IFERROR(SUMIFS(데이터!$G:$G,데이터!$F:$F,$D22,데이터!$N:$N,$A$1,데이터!$L:$L,L$1),"") -> 22 | M22: =IFERROR($L22/($L22+$N22),"") -> 1 | N22: =IFERROR(SUMIFS(데이터!$G:$G,데이터!$F:$F,$D22,데이터!$N:$N,$A$1,데이터!$L:$L,N$1),"") -> 0 | O22: =IFERROR($N22/($N22+$L22),"") -> 0 | Q22: =IFERROR(__xludf.DUMMYFUNCTION("""COMPUTED_VALUE"""),"09.반려") -> 09.반려 | R22: =IFERROR(COUNTIFS(데이터!$N:$N,$A$1,데이터!$M:$M,$Q22),"") -> 56 | S22: =IFERROR(SUMIFS(데이터!$G:$G,데이터!$N:$N,$A$1,데이터!$M:$M,$Q22),"") -> 159 | T22: =IFERROR(S22/R22,0) -> 2.8392857 | U22: =IFERROR(S22/(SUM($S$3:$S1198)),"") -> 0.020200737 | V22: =SUMIFS(데이터!$G:$G,데이터!$N:$N,$A$1,데이터!$M:$M,$Q22,데이터!$L:$L,$V$1) -> 135 | W22: =IFERROR(V22/($V22+$X22),"") -> 0.8490566 | X22: =SUMIFS(데이터!$G:$G,데이터!$N:$N,$A$1,데이터!$M:$M,$Q22,데이터!$L:$L,$X$1) -> 24 | Y22: =IFERROR(X22/($V22+$X22),"") -> 0.1509434
B23: 유니크 | C23: 레코드북 | D23: 레코드북 (레코드북_150_210_가변 하드커버+기성 소프트 자켓 커버_무광 / 150X210 | 하드커버 | 없음 | 56p | 쟈켓색상 1) | E23: 레코드북 150 | F23: =COUNTIFS(데이터!F:F,D23,데이터!$N:$N,$A$1) -> 30 | G23: =SUMIFS(데이터!G:G,데이터!F:F,D23,데이터!$N:$N,$A$1) -> 54 | H23: =IFERROR(G23/F23,0) -> 1.8 | I23: =IFERROR((SUMIFS(데이터!K:K,데이터!F:F,D23,데이터!$N:$N,$A$1))/F23,0) -> 67.533333 | J23: =IFERROR($G23/$G$2,"") -> 0.0068138801 | K23: =SUM(G23:G24) -> 82 | L23: =IFERROR(SUMIFS(데이터!$G:$G,데이터!$F:$F,$D23,데이터!$N:$N,$A$1,데이터!$L:$L,L$1),"") -> 54 | M23: =IFERROR($L23/($L23+$N23),"") -> 1 | N23: =IFERROR(SUMIFS(데이터!$G:$G,데이터!$F:$F,$D23,데이터!$N:$N,$A$1,데이터!$L:$L,N$1),"") -> 0 | O23: =IFERROR($N23/($N23+$L23),"") -> 0 | Q23: =IFERROR(__xludf.DUMMYFUNCTION("""COMPUTED_VALUE"""),"10.홍보 : 기업/기관/단체") -> 10.홍보 : 기업/기관/단체 | R23: =IFERROR(COUNTIFS(데이터!$N:$N,$A$1,데이터!$M:$M,$Q23),"") -> 18 | S23: =IFERROR(SUMIFS(데이터!$G:$G,데이터!$N:$N,$A$1,데이터!$M:$M,$Q23),"") -> 130 | T23: =IFERROR(S23/R23,0) -> 7.2222222 | U23: =IFERROR(S23/(SUM($S$3:$S1199)),"") -> 0.016516326 | V23: =SUMIFS(데이터!$G:$G,데이터!$N:$N,$A$1,데이터!$M:$M,$Q23,데이터!$L:$L,$V$1) -> 129 | W23: =IFERROR(V23/($V23+$X23),"") -> 0.99230769 | X23: =SUMIFS(데이터!$G:$G,데이터!$N:$N,$A$1,데이터!$M:$M,$Q23,데이터!$L:$L,$X$1) -> 1 | Y23: =IFERROR(X23/($V23+$X23),"") -> 0.0076923077
D24: 레코드북 (레코드북_198_198_가변 하드커버+기성 소프트 자켓 커버_무광 / 198X198 | 하드커버 | 없음 | 56p | 쟈켓색상 1) | E24: 레코드북 198 | F24: =COUNTIFS(데이터!F:F,D24,데이터!$N:$N,$A$1) -> 17 | G24: =SUMIFS(데이터!G:G,데이터!F:F,D24,데이터!$N:$N,$A$1) -> 28 | H24: =IFERROR(G24/F24,0) -> 1.6470588 | I24: =IFERROR((SUMIFS(데이터!K:K,데이터!F:F,D24,데이터!$N:$N,$A$1))/F24,0) -> 69.294118 | J24: =IFERROR($G24/$G$2,"") -> 0.003533123 | L24: =IFERROR(SUMIFS(데이터!$G:$G,데이터!$F:$F,$D24,데이터!$N:$N,$A$1,데이터!$L:$L,L$1),"") -> 28 | M24: =IFERROR($L24/($L24+$N24),"") -> 1 | N24: =IFERROR(SUMIFS(데이터!$G:$G,데이터!$F:$F,$D24,데이터!$N:$N,$A$1,데이터!$L:$L,N$1),"") -> 0 | O24: =IFERROR($N24/($N24+$L24),"") -> 0 | Q24: =IFERROR(__xludf.DUMMYFUNCTION("""COMPUTED_VALUE"""),"11.퇴임/취임") -> 11.퇴임/취임 | R24: =IFERROR(COUNTIFS(데이터!$N:$N,$A$1,데이터!$M:$M,$Q24),"") -> 24 | S24: =IFERROR(SUMIFS(데이터!$G:$G,데이터!$N:$N,$A$1,데이터!$M:$M,$Q24),"") -> 38 | T24: =IFERROR(S24/R24,0) -> 1.5833333 | U24: =IFERROR(S24/(SUM($S$3:$S1200)),"") -> 0.0048278491 | V24: =SUMIFS(데이터!$G:$G,데이터!$N:$N,$A$1,데이터!$M:$M,$Q24,데이터!$L:$L,$V$1) -> 36 | W24: =IFERROR(V24/($V24+$X24),"") -> 0.94736842 | X24: =SUMIFS(데이터!$G:$G,데이터!$N:$N,$A$1,데이터!$M:$M,$Q24,데이터!$L:$L,$X$1) -> 2 | Y24: =IFERROR(X24/($V24+$X24),"") -> 0.052631579
C25: 마이트립북 | D25: 마이트립북 (마이트립북_150_210_하드커버_무광_린넨텍스트 / 150X210 | 하드커버 | 없음 | 50p) | E25: 마이트립북 150 | F25: =COUNTIFS(데이터!F:F,D25,데이터!$N:$N,$A$1) -> 52 | G25: =SUMIFS(데이터!G:G,데이터!F:F,D25,데이터!$N:$N,$A$1) -> 74 | H25: =IFERROR(G25/F25,0) -> 1.4230769 | I25: =IFERROR((SUMIFS(데이터!K:K,데이터!F:F,D25,데이터!$N:$N,$A$1))/F25,0) -> 65.461538 | J25: =IFERROR($G25/$G$2,"") -> 0.0093375394 | K25: =SUM(G25:G26) -> 123 | L25: =IFERROR(SUMIFS(데이터!$G:$G,데이터!$F:$F,$D25,데이터!$N:$N,$A$1,데이터!$L:$L,L$1),"") -> 74 | M25: =IFERROR($L25/($L25+$N25),"") -> 1 | N25: =IFERROR(SUMIFS(데이터!$G:$G,데이터!$F:$F,$D25,데이터!$N:$N,$A$1,데이터!$L:$L,N$1),"") -> 0 | O25: =IFERROR($N25/($N25+$L25),"") -> 0 | Q25: =IFERROR(__xludf.DUMMYFUNCTION("""COMPUTED_VALUE"""),"12.증명사진") -> 12.증명사진 | R25: =IFERROR(COUNTIFS(데이터!$N:$N,$A$1,데이터!$M:$M,$Q25),"") -> 55 | S25: =IFERROR(SUMIFS(데이터!$G:$G,데이터!$N:$N,$A$1,데이터!$M:$M,$Q25),"") -> 66 | T25: =IFERROR(S25/R25,0) -> 1.2 | U25: =IFERROR(S25/(SUM($S$3:$S1201)),"") -> 0.0083852115 | V25: =SUMIFS(데이터!$G:$G,데이터!$N:$N,$A$1,데이터!$M:$M,$Q25,데이터!$L:$L,$V$1) -> 66 | W25: =IFERROR(V25/($V25+$X25),"") -> 1 | X25: =SUMIFS(데이터!$G:$G,데이터!$N:$N,$A$1,데이터!$M:$M,$Q25,데이터!$L:$L,$X$1) -> 0 | Y25: =IFERROR(X25/($V25+$X25),"") -> 0
D26: 마이트립북 (마이트립북_198_198_하드커버_무광_린넨텍스트 / 198X198 | 하드커버 | 없음 | 50p) | E26: 마이트립북 198 | F26: =COUNTIFS(데이터!F:F,D26,데이터!$N:$N,$A$1) -> 34 | G26: =SUMIFS(데이터!G:G,데이터!F:F,D26,데이터!$N:$N,$A$1) -> 49 | H26: =IFERROR(G26/F26,0) -> 1.4411765 | I26: =IFERROR((SUMIFS(데이터!K:K,데이터!F:F,D26,데이터!$N:$N,$A$1))/F26,0) -> 65.882353 | J26: =IFERROR($G26/$G$2,"") -> 0.0061829653 | L26: =IFERROR(SUMIFS(데이터!$G:$G,데이터!$F:$F,$D26,데이터!$N:$N,$A$1,데이터!$L:$L,L$1),"") -> 49 | M26: =IFERROR($L26/($L26+$N26),"") -> 1 | N26: =IFERROR(SUMIFS(데이터!$G:$G,데이터!$F:$F,$D26,데이터!$N:$N,$A$1,데이터!$L:$L,N$1),"") -> 0 | O26: =IFERROR($N26/($N26+$L26),"") -> 0 | Q26: =IFERROR(__xludf.DUMMYFUNCTION("""COMPUTED_VALUE"""),"13.기타") -> 13.기타 | R26: =IFERROR(COUNTIFS(데이터!$N:$N,$A$1,데이터!$M:$M,$Q26),"") -> 11 | S26: =IFERROR(SUMIFS(데이터!$G:$G,데이터!$N:$N,$A$1,데이터!$M:$M,$Q26),"") -> 35 | T26: =IFERROR(S26/R26,0) -> 3.1818182 | U26: =IFERROR(S26/(SUM($S$3:$S1202)),"") -> 0.0044467031 | V26: =SUMIFS(데이터!$G:$G,데이터!$N:$N,$A$1,데이터!$M:$M,$Q26,데이터!$L:$L,$V$1) -> 27 | W26: =IFERROR(V26/($V26+$X26),"") -> 0.77142857 | X26: =SUMIFS(데이터!$G:$G,데이터!$N:$N,$A$1,데이터!$M:$M,$Q26,데이터!$L:$L,$X$1) -> 8 | Y26: =IFERROR(X26/($V26+$X26),"") -> 0.22857143
C27: 메모리북 | D27: 메모리북 (가족북(메모리북)_150_210_기성하드+가변 띠지_무광 / 150X210 | 하드커버 | 없음 | 46p) | E27: 메모리북 | F27: =COUNTIFS(데이터!F:F,D27,데이터!$N:$N,$A$1) -> 81 | G27: =SUMIFS(데이터!G:G,데이터!F:F,D27,데이터!$N:$N,$A$1) -> 101 | H27: =IFERROR(G27/F27,0) -> 1.2469136 | I27: =IFERROR((SUMIFS(데이터!K:K,데이터!F:F,D27,데이터!$N:$N,$A$1))/F27,0) -> 56.518519 | J27: =IFERROR($G27/$G$2,"") -> 0.012744479 | K27: =G27 -> 101 | L27: =IFERROR(SUMIFS(데이터!$G:$G,데이터!$F:$F,$D27,데이터!$N:$N,$A$1,데이터!$L:$L,L$1),"") -> 98 | M27: =IFERROR($L27/($L27+$N27),"") -> 1 | N27: =IFERROR(SUMIFS(데이터!$G:$G,데이터!$F:$F,$D27,데이터!$N:$N,$A$1,데이터!$L:$L,N$1),"") -> 0 | O27: =IFERROR($N27/($N27+$L27),"") -> 0 | R27: =IFERROR(COUNTIFS(데이터!$N:$N,$A$1,데이터!$M:$M,$Q27),"") -> 0 | S27: =IFERROR(SUMIFS(데이터!$G:$G,데이터!$N:$N,$A$1,데이터!$M:$M,$Q27),"") -> 0 | U27: =IFERROR(S27/(SUM($S$3:$S1203)),"") -> 0 | V27: =SUMIFS(데이터!$G:$G,데이터!$N:$N,$A$1,데이터!$M:$M,$Q27,데이터!$L:$L,$V$1) -> 0 | W27: =IFERROR(V27/($V27+$X27),"") | X27: =SUMIFS(데이터!$G:$G,데이터!$N:$N,$A$1,데이터!$M:$M,$Q27,데이터!$L:$L,$X$1) -> 0 | Y27: =IFERROR(X27/($V27+$X27),"")
C28: 모임북 | D28: 모임북 (모임북_150_210_가변하드 무광 / 150X210 | 하드커버 | 없음 | 38p) | E28: 모임북 | F28: =COUNTIFS(데이터!F:F,D28,데이터!$N:$N,$A$1) -> 4 | G28: =SUMIFS(데이터!G:G,데이터!F:F,D28,데이터!$N:$N,$A$1) -> 6 | H28: =IFERROR(G28/F28,0) -> 1.5 | I28: =IFERROR((SUMIFS(데이터!K:K,데이터!F:F,D28,데이터!$N:$N,$A$1))/F28,0) -> 44.5 | J28: =IFERROR($G28/$G$2,"") -> 0.00075709779 | K28: =G28 -> 6 | L28: =IFERROR(SUMIFS(데이터!$G:$G,데이터!$F:$F,$D28,데이터!$N:$N,$A$1,데이터!$L:$L,L$1),"") -> 6 | M28: =IFERROR($L28/($L28+$N28),"") -> 1 | N28: =IFERROR(SUMIFS(데이터!$G:$G,데이터!$F:$F,$D28,데이터!$N:$N,$A$1,데이터!$L:$L,N$1),"") -> 0 | O28: =IFERROR($N28/($N28+$L28),"") -> 0 | R28: =IFERROR(COUNTIFS(데이터!$N:$N,$A$1,데이터!$M:$M,$Q28),"") -> 0 | S28: =IFERROR(SUMIFS(데이터!$G:$G,데이터!$N:$N,$A$1,데이터!$M:$M,$Q28),"") -> 0 | U28: =IFERROR(S28/(SUM($S$3:$S1204)),"") -> 0 | V28: =SUMIFS(데이터!$G:$G,데이터!$N:$N,$A$1,데이터!$M:$M,$Q28,데이터!$L:$L,$V$1) -> 0 | W28: =IFERROR(V28/($V28+$X28),"") | X28: =SUMIFS(데이터!$G:$G,데이터!$N:$N,$A$1,데이터!$M:$M,$Q28,데이터!$L:$L,$X$1) -> 0 | Y28: =IFERROR(X28/($V28+$X28),"")
C29: 반려스토리북 | D29: 반려스토리북 (반려스토리북_130_185_PUR제본_가변 하드_무광 / 130X185 | 하드커버 | 없음 | 46p) | E29: 반려스토리북 | F29: =COUNTIFS(데이터!F:F,D29,데이터!$N:$N,$A$1) -> 1 | G29: =SUMIFS(데이터!G:G,데이터!F:F,D29,데이터!$N:$N,$A$1) -> 1 | H29: =IFERROR(G29/F29,0) -> 1 | I29: =IFERROR((SUMIFS(데이터!K:K,데이터!F:F,D29,데이터!$N:$N,$A$1))/F29,0) -> 48 | J29: =IFERROR($G29/$G$2,"") -> 0.00012618297 | K29: =G29 -> 1 | L29: =IFERROR(SUMIFS(데이터!$G:$G,데이터!$F:$F,$D29,데이터!$N:$N,$A$1,데이터!$L:$L,L$1),"") -> 1 | M29: =IFERROR($L29/($L29+$N29),"") -> 1 | N29: =IFERROR(SUMIFS(데이터!$G:$G,데이터!$F:$F,$D29,데이터!$N:$N,$A$1,데이터!$L:$L,N$1),"") -> 0 | O29: =IFERROR($N29/($N29+$L29),"") -> 0 | R29: =IFERROR(COUNTIFS(데이터!$N:$N,$A$1,데이터!$M:$M,$Q29),"") -> 0 | S29: =IFERROR(SUMIFS(데이터!$G:$G,데이터!$N:$N,$A$1,데이터!$M:$M,$Q29),"") -> 0 | U29: =IFERROR(S29/(SUM($S$3:$S1205)),"") -> 0 | V29: =SUMIFS(데이터!$G:$G,데이터!$N:$N,$A$1,데이터!$M:$M,$Q29,데이터!$L:$L,$V$1) -> 0 | W29: =IFERROR(V29/($V29+$X29),"") | X29: =SUMIFS(데이터!$G:$G,데이터!$N:$N,$A$1,데이터!$M:$M,$Q29,데이터!$L:$L,$X$1) -> 0 | Y29: =IFERROR(X29/($V29+$X29),"")
C30: 반려화보북 | D30: 반려화보북 (반려화보북_197_278_PUR제본_가변 소프트압축_무광 / 197X278 | 소프트압축커버 | 없음 | 46p) | E30: 반려화보북 | F30: =COUNTIFS(데이터!F:F,D30,데이터!$N:$N,$A$1) -> 0 | G30: =SUMIFS(데이터!G:G,데이터!F:F,D30,데이터!$N:$N,$A$1) -> 0 | H30: =IFERROR(G30/F30,0) -> 0 | I30: =IFERROR((SUMIFS(데이터!K:K,데이터!F:F,D30,데이터!$N:$N,$A$1))/F30,0) -> 0 | J30: =IFERROR($G30/$G$2,"") -> 0 | K30: =G30 -> 0 | L30: =IFERROR(SUMIFS(데이터!$G:$G,데이터!$F:$F,$D30,데이터!$N:$N,$A$1,데이터!$L:$L,L$1),"") -> 0 | M30: =IFERROR($L30/($L30+$N30),"") | N30: =IFERROR(SUMIFS(데이터!$G:$G,데이터!$F:$F,$D30,데이터!$N:$N,$A$1,데이터!$L:$L,N$1),"") -> 0 | O30: =IFERROR($N30/($N30+$L30),"") | R30: =IFERROR(COUNTIFS(데이터!$N:$N,$A$1,데이터!$M:$M,$Q30),"") -> 0 | S30: =IFERROR(SUMIFS(데이터!$G:$G,데이터!$N:$N,$A$1,데이터!$M:$M,$Q30),"") -> 0 | U30: =IFERROR(S30/(SUM($S$3:$S1206)),"") -> 0 | V30: =SUMIFS(데이터!$G:$G,데이터!$N:$N,$A$1,데이터!$M:$M,$Q30,데이터!$L:$L,$V$1) -> 0 | W30: =IFERROR(V30/($V30+$X30),"") | X30: =SUMIFS(데이터!$G:$G,데이터!$N:$N,$A$1,데이터!$M:$M,$Q30,데이터!$L:$L,$X$1) -> 0 | Y30: =IFERROR(X30/($V30+$X30),"")
C31: 반야북 | D31: 불교교_반야북_6색_198_198_가변 쿠션하드_무광 / 198X198 | 쿠션하드커버 | 없음 | 58p | E31: 반야북 | F31: =COUNTIFS(데이터!F:F,D31,데이터!$N:$N,$A$1) -> 0 | G31: =SUMIFS(데이터!G:G,데이터!F:F,D31,데이터!$N:$N,$A$1) -> 0 | H31: =IFERROR(G31/F31,0) -> 0 | I31: =IFERROR((SUMIFS(데이터!K:K,데이터!F:F,D31,데이터!$N:$N,$A$1))/F31,0) -> 0 | J31: =IFERROR($G31/$G$2,"") -> 0 | K31: =G31 -> 0 | L31: =IFERROR(SUMIFS(데이터!$G:$G,데이터!$F:$F,$D31,데이터!$N:$N,$A$1,데이터!$L:$L,L$1),"") -> 0 | M31: =IFERROR($L31/($L31+$N31),"") | N31: =IFERROR(SUMIFS(데이터!$G:$G,데이터!$F:$F,$D31,데이터!$N:$N,$A$1,데이터!$L:$L,N$1),"") -> 0 | O31: =IFERROR($N31/($N31+$L31),"") | R31: =IFERROR(COUNTIFS(데이터!$N:$N,$A$1,데이터!$M:$M,$Q31),"") -> 0 | S31: =IFERROR(SUMIFS(데이터!$G:$G,데이터!$N:$N,$A$1,데이터!$M:$M,$Q31),"") -> 0 | U31: =IFERROR(S31/(SUM($S$3:$S1207)),"") -> 0 | V31: =SUMIFS(데이터!$G:$G,데이터!$N:$N,$A$1,데이터!$M:$M,$Q31,데이터!$L:$L,$V$1) -> 0 | W31: =IFERROR(V31/($V31+$X31),"") | X31: =SUMIFS(데이터!$G:$G,데이터!$N:$N,$A$1,데이터!$M:$M,$Q31,데이터!$L:$L,$X$1) -> 0 | Y31: =IFERROR(X31/($V31+$X31),"")
C32: 베이비북 198 | D32: 베이비북_198_198_가변 쿠션하드 (베이비북_198_198_78p_가변 쿠션하드 / 198X198 | 쿠션하드커버 | 없음 | 78p) | E32: 베이비북 198 (쿠션하드/78p) | F32: =COUNTIFS(데이터!F:F,D32,데이터!$N:$N,$A$1) -> 2 | G32: =SUMIFS(데이터!G:G,데이터!F:F,D32,데이터!$N:$N,$A$1) -> 2 | H32: =IFERROR(G32/F32,0) -> 1 | I32: =IFERROR((SUMIFS(데이터!K:K,데이터!F:F,D32,데이터!$N:$N,$A$1))/F32,0) -> 80 | J32: =IFERROR($G32/$G$2,"") -> 0.00025236593 | K32: =SUM(G32:G37) -> 14 | L32: =IFERROR(SUMIFS(데이터!$G:$G,데이터!$F:$F,$D32,데이터!$N:$N,$A$1,데이터!$L:$L,L$1),"") -> 2 | M32: =IFERROR($L32/($L32+$N32),"") -> 1 | N32: =IFERROR(SUMIFS(데이터!$G:$G,데이터!$F:$F,$D32,데이터!$N:$N,$A$1,데이터!$L:$L,N$1),"") -> 0 | O32: =IFERROR($N32/($N32+$L32),"") -> 0 | R32: =IFERROR(COUNTIFS(데이터!$N:$N,$A$1,데이터!$M:$M,$Q32),"") -> 0 | S32: =IFERROR(SUMIFS(데이터!$G:$G,데이터!$N:$N,$A$1,데이터!$M:$M,$Q32),"") -> 0 | U32: =IFERROR(S32/(SUM($S$3:$S1208)),"") -> 0 | V32: =SUMIFS(데이터!$G:$G,데이터!$N:$N,$A$1,데이터!$M:$M,$Q32,데이터!$L:$L,$V$1) -> 0 | W32: =IFERROR(V32/($V32+$X32),"") | X32: =SUMIFS(데이터!$G:$G,데이터!$N:$N,$A$1,데이터!$M:$M,$Q32,데이터!$L:$L,$X$1) -> 0 | Y32: =IFERROR(X32/($V32+$X32),"")
D33: 베이비북_198_198_가변 쿠션하드 (베이비북_198_198_58p_가변 쿠션하드 / 198X198 | 쿠션하드커버 | 없음 | 58p) | E33: 베이비북 198 (쿠션하드/58p) | F33: =COUNTIFS(데이터!F:F,D33,데이터!$N:$N,$A$1) -> 0 | G33: =SUMIFS(데이터!G:G,데이터!F:F,D33,데이터!$N:$N,$A$1) -> 0 | H33: =IFERROR(G33/F33,0) -> 0 | I33: =IFERROR((SUMIFS(데이터!K:K,데이터!F:F,D33,데이터!$N:$N,$A$1))/F33,0) -> 0 | J33: =IFERROR($G33/$G$2,"") -> 0 | L33: =IFERROR(SUMIFS(데이터!$G:$G,데이터!$F:$F,$D33,데이터!$N:$N,$A$1,데이터!$L:$L,L$1),"") -> 0 | M33: =IFERROR($L33/($L33+$N33),"") | N33: =IFERROR(SUMIFS(데이터!$G:$G,데이터!$F:$F,$D33,데이터!$N:$N,$A$1,데이터!$L:$L,N$1),"") -> 0 | O33: =IFERROR($N33/($N33+$L33),"") | R33: =IFERROR(COUNTIFS(데이터!$N:$N,$A$1,데이터!$M:$M,$Q33),"") -> 0 | S33: =IFERROR(SUMIFS(데이터!$G:$G,데이터!$N:$N,$A$1,데이터!$M:$M,$Q33),"") -> 0 | U33: =IFERROR(S33/(SUM($S$3:$S1209)),"") -> 0 | V33: =SUMIFS(데이터!$G:$G,데이터!$N:$N,$A$1,데이터!$M:$M,$Q33,데이터!$L:$L,$V$1) -> 0 | W33: =IFERROR(V33/($V33+$X33),"") | X33: =SUMIFS(데이터!$G:$G,데이터!$N:$N,$A$1,데이터!$M:$M,$Q33,데이터!$L:$L,$X$1) -> 0 | Y33: =IFERROR(X33/($V33+$X33),"")
D34: 베이비북_198_198_가변 쿠션하드 (베이비북_198_198_38p_가변 쿠션하드 / 198X198 | 쿠션하드커버 | 없음 | 38p) | E34: 베이비북 198 (쿠션하드/38p) | F34: =COUNTIFS(데이터!F:F,D34,데이터!$N:$N,$A$1) -> 12 | G34: =SUMIFS(데이터!G:G,데이터!F:F,D34,데이터!$N:$N,$A$1) -> 12 | H34: =IFERROR(G34/F34,0) -> 1 | I34: =IFERROR((SUMIFS(데이터!K:K,데이터!F:F,D34,데이터!$N:$N,$A$1))/F34,0) -> 40 | J34: =IFERROR($G34/$G$2,"") -> 0.0015141956 | L34: =IFERROR(SUMIFS(데이터!$G:$G,데이터!$F:$F,$D34,데이터!$N:$N,$A$1,데이터!$L:$L,L$1),"") -> 12 | M34: =IFERROR($L34/($L34+$N34),"") -> 1 | N34: =IFERROR(SUMIFS(데이터!$G:$G,데이터!$F:$F,$D34,데이터!$N:$N,$A$1,데이터!$L:$L,N$1),"") -> 0 | O34: =IFERROR($N34/($N34+$L34),"") -> 0 | R34: =IFERROR(COUNTIFS(데이터!$N:$N,$A$1,데이터!$M:$M,$Q34),"") -> 0 | S34: =IFERROR(SUMIFS(데이터!$G:$G,데이터!$N:$N,$A$1,데이터!$M:$M,$Q34),"") -> 0 | U34: =IFERROR(S34/(SUM($S$3:$S1210)),"") -> 0 | V34: =SUMIFS(데이터!$G:$G,데이터!$N:$N,$A$1,데이터!$M:$M,$Q34,데이터!$L:$L,$V$1) -> 0 | W34: =IFERROR(V34/($V34+$X34),"") | X34: =SUMIFS(데이터!$G:$G,데이터!$N:$N,$A$1,데이터!$M:$M,$Q34,데이터!$L:$L,$X$1) -> 0 | Y34: =IFERROR(X34/($V34+$X34),"")
D35: 베이비북_198_198_78p_가변 소프트 / 198X198| 소프트커버 | 없음 | 78p | E35: 베이비북 198 (소프트/78p) | F35: =COUNTIFS(데이터!F:F,D35,데이터!$N:$N,$A$1) -> 0 | G35: =SUMIFS(데이터!G:G,데이터!F:F,D35,데이터!$N:$N,$A$1) -> 0 | H35: =IFERROR(G35/F35,0) -> 0 | I35: =IFERROR((SUMIFS(데이터!K:K,데이터!F:F,D35,데이터!$N:$N,$A$1))/F35,0) -> 0 | J35: =IFERROR($G35/$G$2,"") -> 0 | L35: =IFERROR(SUMIFS(데이터!$G:$G,데이터!$F:$F,$D35,데이터!$N:$N,$A$1,데이터!$L:$L,L$1),"") -> 0 | M35: =IFERROR($L35/($L35+$N35),"") | N35: =IFERROR(SUMIFS(데이터!$G:$G,데이터!$F:$F,$D35,데이터!$N:$N,$A$1,데이터!$L:$L,N$1),"") -> 0 | O35: =IFERROR($N35/($N35+$L35),"") | R35: =IFERROR(COUNTIFS(데이터!$N:$N,$A$1,데이터!$M:$M,$Q35),"") -> 0 | S35: =IFERROR(SUMIFS(데이터!$G:$G,데이터!$N:$N,$A$1,데이터!$M:$M,$Q35),"") -> 0 | U35: =IFERROR(S35/(SUM($S$3:$S1211)),"") -> 0 | V35: =SUMIFS(데이터!$G:$G,데이터!$N:$N,$A$1,데이터!$M:$M,$Q35,데이터!$L:$L,$V$1) -> 0 | W35: =IFERROR(V35/($V35+$X35),"") | X35: =SUMIFS(데이터!$G:$G,데이터!$N:$N,$A$1,데이터!$M:$M,$Q35,데이터!$L:$L,$X$1) -> 0 | Y35: =IFERROR(X35/($V35+$X35),"")
D36: 베이비북_198_198_가변 소프트 (베이비북_198_198_58p_가변 소프트 / 198X198|소프트커버|없음|58p) | E36: 베이비북 198 (소프트/58p) | F36: =COUNTIFS(데이터!F:F,D36,데이터!$N:$N,$A$1) -> 0 | G36: =SUMIFS(데이터!G:G,데이터!F:F,D36,데이터!$N:$N,$A$1) -> 0 | H36: =IFERROR(G36/F36,0) -> 0 | I36: =IFERROR((SUMIFS(데이터!K:K,데이터!F:F,D36,데이터!$N:$N,$A$1))/F36,0) -> 0 | J36: =IFERROR($G36/$G$2,"") -> 0 | L36: =IFERROR(SUMIFS(데이터!$G:$G,데이터!$F:$F,$D36,데이터!$N:$N,$A$1,데이터!$L:$L,L$1),"") -> 0 | M36: =IFERROR($L36/($L36+$N36),"") | N36: =IFERROR(SUMIFS(데이터!$G:$G,데이터!$F:$F,$D36,데이터!$N:$N,$A$1,데이터!$L:$L,N$1),"") -> 0 | O36: =IFERROR($N36/($N36+$L36),"") | R36: =IFERROR(COUNTIFS(데이터!$N:$N,$A$1,데이터!$M:$M,$Q36),"") -> 0 | S36: =IFERROR(SUMIFS(데이터!$G:$G,데이터!$N:$N,$A$1,데이터!$M:$M,$Q36),"") -> 0 | U36: =IFERROR(S36/(SUM($S$3:$S1212)),"") -> 0 | V36: =SUMIFS(데이터!$G:$G,데이터!$N:$N,$A$1,데이터!$M:$M,$Q36,데이터!$L:$L,$V$1) -> 0 | W36: =IFERROR(V36/($V36+$X36),"") | X36: =SUMIFS(데이터!$G:$G,데이터!$N:$N,$A$1,데이터!$M:$M,$Q36,데이터!$L:$L,$X$1) -> 0 | Y36: =IFERROR(X36/($V36+$X36),"")
D37: 베이비북_198_198_38p_가변 소프트 / 198X198| 소프트커버 | 없음 | 38p | E37: 베이비북 198 (소프트/38p) | F37: =COUNTIFS(데이터!F:F,D37,데이터!$N:$N,$A$1) -> 0 | G37: =SUMIFS(데이터!G:G,데이터!F:F,D37,데이터!$N:$N,$A$1) -> 0 | H37: =IFERROR(G37/F37,0) -> 0 | I37: =IFERROR((SUMIFS(데이터!K:K,데이터!F:F,D37,데이터!$N:$N,$A$1))/F37,0) -> 0 | J37: =IFERROR($G37/$G$2,"") -> 0 | L37: =IFERROR(SUMIFS(데이터!$G:$G,데이터!$F:$F,$D37,데이터!$N:$N,$A$1,데이터!$L:$L,L$1),"") -> 0 | M37: =IFERROR($L37/($L37+$N37),"") | N37: =IFERROR(SUMIFS(데이터!$G:$G,데이터!$F:$F,$D37,데이터!$N:$N,$A$1,데이터!$L:$L,N$1),"") -> 0 | O37: =IFERROR($N37/($N37+$L37),"") | R37: =IFERROR(COUNTIFS(데이터!$N:$N,$A$1,데이터!$M:$M,$Q37),"") -> 0 | S37: =IFERROR(SUMIFS(데이터!$G:$G,데이터!$N:$N,$A$1,데이터!$M:$M,$Q37),"") -> 0 | U37: =IFERROR(S37/(SUM($S$3:$S1213)),"") -> 0 | V37: =SUMIFS(데이터!$G:$G,데이터!$N:$N,$A$1,데이터!$M:$M,$Q37,데이터!$L:$L,$V$1) -> 0 | W37: =IFERROR(V37/($V37+$X37),"") | X37: =SUMIFS(데이터!$G:$G,데이터!$N:$N,$A$1,데이터!$M:$M,$Q37,데이터!$L:$L,$X$1) -> 0 | Y37: =IFERROR(X37/($V37+$X37),"")
C38: 베이비북 197 | D38: 베이비북_197_278_가변 쿠션하드 (베이비북_197_278_78p_가변 쿠션하드 / 197X278 | 쿠션하드커버 | 없음 | 78p) | E38: 베이비북 197 (쿠션하드/78p) | F38: =COUNTIFS(데이터!F:F,D38,데이터!$N:$N,$A$1) -> 0 | G38: =SUMIFS(데이터!G:G,데이터!F:F,D38,데이터!$N:$N,$A$1) -> 0 | H38: =IFERROR(G38/F38,0) -> 0 | I38: =IFERROR((SUMIFS(데이터!K:K,데이터!F:F,D38,데이터!$N:$N,$A$1))/F38,0) -> 0 | J38: =IFERROR($G38/$G$2,"") -> 0 | K38: =SUM(G38:G43) -> 0 | L38: =IFERROR(SUMIFS(데이터!$G:$G,데이터!$F:$F,$D38,데이터!$N:$N,$A$1,데이터!$L:$L,L$1),"") -> 0 | M38: =IFERROR($L38/($L38+$N38),"") | N38: =IFERROR(SUMIFS(데이터!$G:$G,데이터!$F:$F,$D38,데이터!$N:$N,$A$1,데이터!$L:$L,N$1),"") -> 0 | O38: =IFERROR($N38/($N38+$L38),"") | R38: =IFERROR(COUNTIFS(데이터!$N:$N,$A$1,데이터!$M:$M,$Q38),"") -> 0 | S38: =IFERROR(SUMIFS(데이터!$G:$G,데이터!$N:$N,$A$1,데이터!$M:$M,$Q38),"") -> 0 | U38: =IFERROR(S38/(SUM($S$3:$S1214)),"") -> 0 | V38: =SUMIFS(데이터!$G:$G,데이터!$N:$N,$A$1,데이터!$M:$M,$Q38,데이터!$L:$L,$V$1) -> 0 | W38: =IFERROR(V38/($V38+$X38),"") | X38: =SUMIFS(데이터!$G:$G,데이터!$N:$N,$A$1,데이터!$M:$M,$Q38,데이터!$L:$L,$X$1) -> 0 | Y38: =IFERROR(X38/($V38+$X38),"")
D39: 베이비북_198_198_58p_가변 쿠션하드 / 198X198 | 쿠션하드커버 | 없음 | 58p | E39: 베이비북 197 (쿠션하드/58p) | F39: =COUNTIFS(데이터!F:F,D39,데이터!$N:$N,$A$1) -> 0 | G39: =SUMIFS(데이터!G:G,데이터!F:F,D39,데이터!$N:$N,$A$1) -> 0 | H39: =IFERROR(G39/F39,0) -> 0 | I39: =IFERROR((SUMIFS(데이터!K:K,데이터!F:F,D39,데이터!$N:$N,$A$1))/F39,0) -> 0 | J39: =IFERROR($G39/$G$2,"") -> 0 | L39: =IFERROR(SUMIFS(데이터!$G:$G,데이터!$F:$F,$D39,데이터!$N:$N,$A$1,데이터!$L:$L,L$1),"") -> 0 | M39: =IFERROR($L39/($L39+$N39),"") | N39: =IFERROR(SUMIFS(데이터!$G:$G,데이터!$F:$F,$D39,데이터!$N:$N,$A$1,데이터!$L:$L,N$1),"") -> 0 | O39: =IFERROR($N39/($N39+$L39),"") | R39: =IFERROR(COUNTIFS(데이터!$N:$N,$A$1,데이터!$M:$M,$Q39),"") -> 0 | S39: =IFERROR(SUMIFS(데이터!$G:$G,데이터!$N:$N,$A$1,데이터!$M:$M,$Q39),"") -> 0 | U39: =IFERROR(S39/(SUM($S$3:$S1215)),"") -> 0 | V39: =SUMIFS(데이터!$G:$G,데이터!$N:$N,$A$1,데이터!$M:$M,$Q39,데이터!$L:$L,$V$1) -> 0 | W39: =IFERROR(V39/($V39+$X39),"") | X39: =SUMIFS(데이터!$G:$G,데이터!$N:$N,$A$1,데이터!$M:$M,$Q39,데이터!$L:$L,$X$1) -> 0 | Y39: =IFERROR(X39/($V39+$X39),"")
D40: 베이비북_198_198_38p_가변 쿠션하드 / 198X198 | 쿠션하드커버 | 없음 | 38p | E40: 베이비북 197 (쿠션하드/38p) | F40: =COUNTIFS(데이터!F:F,D40,데이터!$N:$N,$A$1) -> 0 | G40: =SUMIFS(데이터!G:G,데이터!F:F,D40,데이터!$N:$N,$A$1) -> 0 | H40: =IFERROR(G40/F40,0) -> 0 | I40: =IFERROR((SUMIFS(데이터!K:K,데이터!F:F,D40,데이터!$N:$N,$A$1))/F40,0) -> 0 | J40: =IFERROR($G40/$G$2,"") -> 0 | L40: =IFERROR(SUMIFS(데이터!$G:$G,데이터!$F:$F,$D40,데이터!$N:$N,$A$1,데이터!$L:$L,L$1),"") -> 0 | M40: =IFERROR($L40/($L40+$N40),"") | N40: =IFERROR(SUMIFS(데이터!$G:$G,데이터!$F:$F,$D40,데이터!$N:$N,$A$1,데이터!$L:$L,N$1),"") -> 0 | O40: =IFERROR($N40/($N40+$L40),"") | R40: =IFERROR(COUNTIFS(데이터!$N:$N,$A$1,데이터!$M:$M,$Q40),"") -> 0 | S40: =IFERROR(SUMIFS(데이터!$G:$G,데이터!$N:$N,$A$1,데이터!$M:$M,$Q40),"") -> 0 | U40: =IFERROR(S40/(SUM($S$3:$S1216)),"") -> 0 | V40: =SUMIFS(데이터!$G:$G,데이터!$N:$N,$A$1,데이터!$M:$M,$Q40,데이터!$L:$L,$V$1) -> 0 | W40: =IFERROR(V40/($V40+$X40),"") | X40: =SUMIFS(데이터!$G:$G,데이터!$N:$N,$A$1,데이터!$M:$M,$Q40,데이터!$L:$L,$X$1) -> 0 | Y40: =IFERROR(X40/($V40+$X40),"")
D41: 베이비북_198_198_78p_가변 소프트 / 198X198| 소프트커버 | 없음 | 78p | E41: 베이비북 197 (소프트/78p) | F41: =COUNTIFS(데이터!F:F,D41,데이터!$N:$N,$A$1) -> 0 | G41: =SUMIFS(데이터!G:G,데이터!F:F,D41,데이터!$N:$N,$A$1) -> 0 | H41: =IFERROR(G41/F41,0) -> 0 | I41: =IFERROR((SUMIFS(데이터!K:K,데이터!F:F,D41,데이터!$N:$N,$A$1))/F41,0) -> 0 | J41: =IFERROR($G41/$G$2,"") -> 0 | L41: =IFERROR(SUMIFS(데이터!$G:$G,데이터!$F:$F,$D41,데이터!$N:$N,$A$1,데이터!$L:$L,L$1),"") -> 0 | M41: =IFERROR($L41/($L41+$N41),"") | N41: =IFERROR(SUMIFS(데이터!$G:$G,데이터!$F:$F,$D41,데이터!$N:$N,$A$1,데이터!$L:$L,N$1),"") -> 0 | O41: =IFERROR($N41/($N41+$L41),"") | R41: =IFERROR(COUNTIFS(데이터!$N:$N,$A$1,데이터!$M:$M,$Q41),"") -> 0 | S41: =IFERROR(SUMIFS(데이터!$G:$G,데이터!$N:$N,$A$1,데이터!$M:$M,$Q41),"") -> 0 | U41: =IFERROR(S41/(SUM($S$3:$S1217)),"") -> 0 | V41: =SUMIFS(데이터!$G:$G,데이터!$N:$N,$A$1,데이터!$M:$M,$Q41,데이터!$L:$L,$V$1) -> 0 | W41: =IFERROR(V41/($V41+$X41),"") | X41: =SUMIFS(데이터!$G:$G,데이터!$N:$N,$A$1,데이터!$M:$M,$Q41,데이터!$L:$L,$X$1) -> 0 | Y41: =IFERROR(X41/($V41+$X41),"")
D42: 베이비북_198_198_58p_가변 소프트 / 198X198| 소프트커버 | 없음 | 58p | E42: 베이비북 197 (소프트/58p) | F42: =COUNTIFS(데이터!F:F,D42,데이터!$N:$N,$A$1) -> 0 | G42: =SUMIFS(데이터!G:G,데이터!F:F,D42,데이터!$N:$N,$A$1) -> 0 | H42: =IFERROR(G42/F42,0) -> 0 | I42: =IFERROR((SUMIFS(데이터!K:K,데이터!F:F,D42,데이터!$N:$N,$A$1))/F42,0) -> 0 | J42: =IFERROR($G42/$G$2,"") -> 0 | L42: =IFERROR(SUMIFS(데이터!$G:$G,데이터!$F:$F,$D42,데이터!$N:$N,$A$1,데이터!$L:$L,L$1),"") -> 0 | M42: =IFERROR($L42/($L42+$N42),"") | N42: =IFERROR(SUMIFS(데이터!$G:$G,데이터!$F:$F,$D42,데이터!$N:$N,$A$1,데이터!$L:$L,N$1),"") -> 0 | O42: =IFERROR($N42/($N42+$L42),"") | R42: =IFERROR(COUNTIFS(데이터!$N:$N,$A$1,데이터!$M:$M,$Q42),"") -> 0 | S42: =IFERROR(SUMIFS(데이터!$G:$G,데이터!$N:$N,$A$1,데이터!$M:$M,$Q42),"") -> 0 | U42: =IFERROR(S42/(SUM($S$3:$S1218)),"") -> 0 | V42: =SUMIFS(데이터!$G:$G,데이터!$N:$N,$A$1,데이터!$M:$M,$Q42,데이터!$L:$L,$V$1) -> 0 | W42: =IFERROR(V42/($V42+$X42),"") | X42: =SUMIFS(데이터!$G:$G,데이터!$N:$N,$A$1,데이터!$M:$M,$Q42,데이터!$L:$L,$X$1) -> 0 | Y42: =IFERROR(X42/($V42+$X42),"")
D43: 베이비북_198_198_38p_가변 소프트 / 198X198| 소프트커버 | 없음 | 38p | E43: 베이비북 197 (소프트/38p) | F43: =COUNTIFS(데이터!F:F,D43,데이터!$N:$N,$A$1) -> 0 | G43: =SUMIFS(데이터!G:G,데이터!F:F,D43,데이터!$N:$N,$A$1) -> 0 | H43: =IFERROR(G43/F43,0) -> 0 | I43: =IFERROR((SUMIFS(데이터!K:K,데이터!F:F,D43,데이터!$N:$N,$A$1))/F43,0) -> 0 | J43: =IFERROR($G43/$G$2,"") -> 0 | L43: =IFERROR(SUMIFS(데이터!$G:$G,데이터!$F:$F,$D43,데이터!$N:$N,$A$1,데이터!$L:$L,L$1),"") -> 0 | M43: =IFERROR($L43/($L43+$N43),"") | N43: =IFERROR(SUMIFS(데이터!$G:$G,데이터!$F:$F,$D43,데이터!$N:$N,$A$1,데이터!$L:$L,N$1),"") -> 0 | O43: =IFERROR($N43/($N43+$L43),"") | R43: =IFERROR(COUNTIFS(데이터!$N:$N,$A$1,데이터!$M:$M,$Q43),"") -> 0 | S43: =IFERROR(SUMIFS(데이터!$G:$G,데이터!$N:$N,$A$1,데이터!$M:$M,$Q43),"") -> 0 | U43: =IFERROR(S43/(SUM($S$3:$S1219)),"") -> 0 | V43: =SUMIFS(데이터!$G:$G,데이터!$N:$N,$A$1,데이터!$M:$M,$Q43,데이터!$L:$L,$V$1) -> 0 | W43: =IFERROR(V43/($V43+$X43),"") | X43: =SUMIFS(데이터!$G:$G,데이터!$N:$N,$A$1,데이터!$M:$M,$Q43,데이터!$L:$L,$X$1) -> 0 | Y43: =IFERROR(X43/($V43+$X43),"")
C44: 베이비진 | D44: 베이비진_210_297_중철 (베이비진_210_297_16p_중철 / 210X297 | 중철 | 없음 | 14p) | E44: 베이비진 210 (14p) | F44: =COUNTIFS(데이터!F:F,D44,데이터!$N:$N,$A$1) -> 155 | G44: =SUMIFS(데이터!G:G,데이터!F:F,D44,데이터!$N:$N,$A$1) -> 155 | H44: =IFERROR(G44/F44,0) -> 1 | I44: =IFERROR((SUMIFS(데이터!K:K,데이터!F:F,D44,데이터!$N:$N,$A$1))/F44,0) -> 16 | J44: =IFERROR($G44/$G$2,"") -> 0.01955836 | K44: =SUM(G44:G45) -> 155 | L44: =IFERROR(SUMIFS(데이터!$G:$G,데이터!$F:$F,$D44,데이터!$N:$N,$A$1,데이터!$L:$L,L$1),"") -> 155 | M44: =IFERROR($L44/($L44+$N44),"") -> 1 | N44: =IFERROR(SUMIFS(데이터!$G:$G,데이터!$F:$F,$D44,데이터!$N:$N,$A$1,데이터!$L:$L,N$1),"") -> 0 | O44: =IFERROR($N44/($N44+$L44),"") -> 0 | R44: =IFERROR(COUNTIFS(데이터!$N:$N,$A$1,데이터!$M:$M,$Q44),"") -> 0 | S44: =IFERROR(SUMIFS(데이터!$G:$G,데이터!$N:$N,$A$1,데이터!$M:$M,$Q44),"") -> 0 | U44: =IFERROR(S44/(SUM($S$3:$S1220)),"") -> 0 | V44: =SUMIFS(데이터!$G:$G,데이터!$N:$N,$A$1,데이터!$M:$M,$Q44,데이터!$L:$L,$V$1) -> 0 | W44: =IFERROR(V44/($V44+$X44),"") | X44: =SUMIFS(데이터!$G:$G,데이터!$N:$N,$A$1,데이터!$M:$M,$Q44,데이터!$L:$L,$X$1) -> 0 | Y44: =IFERROR(X44/($V44+$X44),"")
D45: 베이비진_210_297_22p_중철 / 210X297 | 중철 | 없음 | 22p | E45: 베이비진 210 (22p) | F45: =COUNTIFS(데이터!F:F,D45,데이터!$N:$N,$A$1) -> 0 | G45: =SUMIFS(데이터!G:G,데이터!F:F,D45,데이터!$N:$N,$A$1) -> 0 | H45: =IFERROR(G45/F45,0) -> 0 | I45: =IFERROR((SUMIFS(데이터!K:K,데이터!F:F,D45,데이터!$N:$N,$A$1))/F45,0) -> 0 | J45: =IFERROR($G45/$G$2,"") -> 0 | L45: =IFERROR(SUMIFS(데이터!$G:$G,데이터!$F:$F,$D45,데이터!$N:$N,$A$1,데이터!$L:$L,L$1),"") -> 0 | M45: =IFERROR($L45/($L45+$N45),"") | N45: =IFERROR(SUMIFS(데이터!$G:$G,데이터!$F:$F,$D45,데이터!$N:$N,$A$1,데이터!$L:$L,N$1),"") -> 0 | O45: =IFERROR($N45/($N45+$L45),"") | R45: =IFERROR(COUNTIFS(데이터!$N:$N,$A$1,데이터!$M:$M,$Q45),"") -> 0 | S45: =IFERROR(SUMIFS(데이터!$G:$G,데이터!$N:$N,$A$1,데이터!$M:$M,$Q45),"") -> 0 | U45: =IFERROR(S45/(SUM($S$3:$S1221)),"") -> 0 | V45: =SUMIFS(데이터!$G:$G,데이터!$N:$N,$A$1,데이터!$M:$M,$Q45,데이터!$L:$L,$V$1) -> 0 | W45: =IFERROR(V45/($V45+$X45),"") | X45: =SUMIFS(데이터!$G:$G,데이터!$N:$N,$A$1,데이터!$M:$M,$Q45,데이터!$L:$L,$X$1) -> 0 | Y45: =IFERROR(X45/($V45+$X45),"")
C46: 샬롬북 | D46: 종교북 (기독교_샬롬북_6색_198_198_가변 쿠션하드_무광 / 198X198 | 쿠션하드커버 | 없음 | 58p) | E46: 샬롬북 | F46: =COUNTIFS(데이터!F:F,D46,데이터!$N:$N,$A$1) -> 2 | G46: =SUMIFS(데이터!G:G,데이터!F:F,D46,데이터!$N:$N,$A$1) -> 12 | H46: =IFERROR(G46/F46,0) -> 6 | I46: =IFERROR((SUMIFS(데이터!K:K,데이터!F:F,D46,데이터!$N:$N,$A$1))/F46,0) -> 52 | J46: =IFERROR($G46/$G$2,"") -> 0.0015141956 | K46: =G46 -> 12 | L46: =IFERROR(SUMIFS(데이터!$G:$G,데이터!$F:$F,$D46,데이터!$N:$N,$A$1,데이터!$L:$L,L$1),"") -> 12 | M46: =IFERROR($L46/($L46+$N46),"") -> 1 | N46: =IFERROR(SUMIFS(데이터!$G:$G,데이터!$F:$F,$D46,데이터!$N:$N,$A$1,데이터!$L:$L,N$1),"") -> 0 | O46: =IFERROR($N46/($N46+$L46),"") -> 0 | R46: =IFERROR(COUNTIFS(데이터!$N:$N,$A$1,데이터!$M:$M,$Q46),"") -> 0 | S46: =IFERROR(SUMIFS(데이터!$G:$G,데이터!$N:$N,$A$1,데이터!$M:$M,$Q46),"") -> 0 | U46: =IFERROR(S46/(SUM($S$3:$S1222)),"") -> 0 | V46: =SUMIFS(데이터!$G:$G,데이터!$N:$N,$A$1,데이터!$M:$M,$Q46,데이터!$L:$L,$V$1) -> 0 | W46: =IFERROR(V46/($V46+$X46),"") | X46: =SUMIFS(데이터!$G:$G,데이터!$N:$N,$A$1,데이터!$M:$M,$Q46,데이터!$L:$L,$X$1) -> 0 | Y46: =IFERROR(X46/($V46+$X46),"")
C47: 스쿨북197 | D47: 스쿨북_197_278_18p_가변 하드 / 197X278 | 하드커버 | 없음 | 18p | E47: 스쿨북 197 (하드/18p) | F47: =COUNTIFS(데이터!F:F,D47,데이터!$N:$N,$A$1) -> 0 | G47: =SUMIFS(데이터!G:G,데이터!F:F,D47,데이터!$N:$N,$A$1) -> 0 | H47: =IFERROR(G47/F47,0) -> 0 | I47: =IFERROR((SUMIFS(데이터!K:K,데이터!F:F,D47,데이터!$N:$N,$A$1))/F47,0) -> 0 | J47: =IFERROR($G47/$G$2,"") -> 0 | K47: =SUM(G47:G50) -> 7 | L47: =IFERROR(SUMIFS(데이터!$G:$G,데이터!$F:$F,$D47,데이터!$N:$N,$A$1,데이터!$L:$L,L$1),"") -> 0 | M47: =IFERROR($L47/($L47+$N47),"") | N47: =IFERROR(SUMIFS(데이터!$G:$G,데이터!$F:$F,$D47,데이터!$N:$N,$A$1,데이터!$L:$L,N$1),"") -> 0 | O47: =IFERROR($N47/($N47+$L47),"") | R47: =IFERROR(COUNTIFS(데이터!$N:$N,$A$1,데이터!$M:$M,$Q47),"") -> 0 | S47: =IFERROR(SUMIFS(데이터!$G:$G,데이터!$N:$N,$A$1,데이터!$M:$M,$Q47),"") -> 0 | U47: =IFERROR(S47/(SUM($S$3:$S1223)),"") -> 0 | V47: =SUMIFS(데이터!$G:$G,데이터!$N:$N,$A$1,데이터!$M:$M,$Q47,데이터!$L:$L,$V$1) -> 0 | W47: =IFERROR(V47/($V47+$X47),"") | X47: =SUMIFS(데이터!$G:$G,데이터!$N:$N,$A$1,데이터!$M:$M,$Q47,데이터!$L:$L,$X$1) -> 0 | Y47: =IFERROR(X47/($V47+$X47),"")
D48: 스쿨북_197_278_42p_가변 하드 / 197X278 | 하드커버 | 없음 | 42p | E48: 스쿨북 197 (하드/42p) | F48: =COUNTIFS(데이터!F:F,D48,데이터!$N:$N,$A$1) -> 0 | G48: =SUMIFS(데이터!G:G,데이터!F:F,D48,데이터!$N:$N,$A$1) -> 0 | H48: =IFERROR(G48/F48,0) -> 0 | I48: =IFERROR((SUMIFS(데이터!K:K,데이터!F:F,D48,데이터!$N:$N,$A$1))/F48,0) -> 0 | J48: =IFERROR($G48/$G$2,"") -> 0 | L48: =IFERROR(SUMIFS(데이터!$G:$G,데이터!$F:$F,$D48,데이터!$N:$N,$A$1,데이터!$L:$L,L$1),"") -> 0 | M48: =IFERROR($L48/($L48+$N48),"") | N48: =IFERROR(SUMIFS(데이터!$G:$G,데이터!$F:$F,$D48,데이터!$N:$N,$A$1,데이터!$L:$L,N$1),"") -> 0 | O48: =IFERROR($N48/($N48+$L48),"") | R48: =IFERROR(COUNTIFS(데이터!$N:$N,$A$1,데이터!$M:$M,$Q48),"") -> 0 | S48: =IFERROR(SUMIFS(데이터!$G:$G,데이터!$N:$N,$A$1,데이터!$M:$M,$Q48),"") -> 0 | U48: =IFERROR(S48/(SUM($S$3:$S1224)),"") -> 0 | V48: =SUMIFS(데이터!$G:$G,데이터!$N:$N,$A$1,데이터!$M:$M,$Q48,데이터!$L:$L,$V$1) -> 0 | W48: =IFERROR(V48/($V48+$X48),"") | X48: =SUMIFS(데이터!$G:$G,데이터!$N:$N,$A$1,데이터!$M:$M,$Q48,데이터!$L:$L,$X$1) -> 0 | Y48: =IFERROR(X48/($V48+$X48),"")
D49: 스쿨북_197_278_가변 소프트 (스쿨북_197_278_18p_가변 소프트 / 197X278 | 소프트커버 | 없음 | 18p) | E49: 스쿨북 197 (소프트/18p) | F49: =COUNTIFS(데이터!F:F,D49,데이터!$N:$N,$A$1) -> 7 | G49: =SUMIFS(데이터!G:G,데이터!F:F,D49,데이터!$N:$N,$A$1) -> 7 | H49: =IFERROR(G49/F49,0) -> 1 | I49: =IFERROR((SUMIFS(데이터!K:K,데이터!F:F,D49,데이터!$N:$N,$A$1))/F49,0) -> 20 | J49: =IFERROR($G49/$G$2,"") -> 0.00088328076 | L49: =IFERROR(SUMIFS(데이터!$G:$G,데이터!$F:$F,$D49,데이터!$N:$N,$A$1,데이터!$L:$L,L$1),"") -> 7 | M49: =IFERROR($L49/($L49+$N49),"") -> 1 | N49: =IFERROR(SUMIFS(데이터!$G:$G,데이터!$F:$F,$D49,데이터!$N:$N,$A$1,데이터!$L:$L,N$1),"") -> 0 | O49: =IFERROR($N49/($N49+$L49),"") -> 0 | R49: =IFERROR(COUNTIFS(데이터!$N:$N,$A$1,데이터!$M:$M,$Q49),"") -> 0 | S49: =IFERROR(SUMIFS(데이터!$G:$G,데이터!$N:$N,$A$1,데이터!$M:$M,$Q49),"") -> 0 | U49: =IFERROR(S49/(SUM($S$3:$S1225)),"") -> 0 | V49: =SUMIFS(데이터!$G:$G,데이터!$N:$N,$A$1,데이터!$M:$M,$Q49,데이터!$L:$L,$V$1) -> 0 | W49: =IFERROR(V49/($V49+$X49),"") | X49: =SUMIFS(데이터!$G:$G,데이터!$N:$N,$A$1,데이터!$M:$M,$Q49,데이터!$L:$L,$X$1) -> 0 | Y49: =IFERROR(X49/($V49+$X49),"")
D50: 스쿨북_197_278_42p_가변 소프트 / 197X278 | 소프트커버 | 없음 | 42p | E50: 스쿨북 197 (소프트/42p) | F50: =COUNTIFS(데이터!F:F,D50,데이터!$N:$N,$A$1) -> 0 | G50: =SUMIFS(데이터!G:G,데이터!F:F,D50,데이터!$N:$N,$A$1) -> 0 | H50: =IFERROR(G50/F50,0) -> 0 | I50: =IFERROR((SUMIFS(데이터!K:K,데이터!F:F,D50,데이터!$N:$N,$A$1))/F50,0) -> 0 | J50: =IFERROR($G50/$G$2,"") -> 0 | L50: =IFERROR(SUMIFS(데이터!$G:$G,데이터!$F:$F,$D50,데이터!$N:$N,$A$1,데이터!$L:$L,L$1),"") -> 0 | M50: =IFERROR($L50/($L50+$N50),"") | N50: =IFERROR(SUMIFS(데이터!$G:$G,데이터!$F:$F,$D50,데이터!$N:$N,$A$1,데이터!$L:$L,N$1),"") -> 0 | O50: =IFERROR($N50/($N50+$L50),"")
C51: 스쿨북 198 | D51: 스쿨북_198_198_18p_가변 하드 / 198X198 | 하드커버 | 없음 | 18p | E51: 스쿨북 198 (하드/18p) | F51: =COUNTIFS(데이터!F:F,D51,데이터!$N:$N,$A$1) -> 0 | G51: =SUMIFS(데이터!G:G,데이터!F:F,D51,데이터!$N:$N,$A$1) -> 0 | H51: =IFERROR(G51/F51,0) -> 0 | I51: =IFERROR((SUMIFS(데이터!K:K,데이터!F:F,D51,데이터!$N:$N,$A$1))/F51,0) -> 0 | J51: =IFERROR($G51/$G$2,"") -> 0 | K51: =SUM(G51:G54) -> 60 | L51: =IFERROR(SUMIFS(데이터!$G:$G,데이터!$F:$F,$D51,데이터!$N:$N,$A$1,데이터!$L:$L,L$1),"") -> 0 | M51: =IFERROR($L51/($L51+$N51),"") | N51: =IFERROR(SUMIFS(데이터!$G:$G,데이터!$F:$F,$D51,데이터!$N:$N,$A$1,데이터!$L:$L,N$1),"") -> 0 | O51: =IFERROR($N51/($N51+$L51),"")
D52: 스쿨북_198_198_가변 하드 (스쿨북_198_198_42p_가변 하드 / 198X198 | 하드커버 | 없음 | 42p) | E52: 스쿨북 198 (하드/42p) | F52: =COUNTIFS(데이터!F:F,D52,데이터!$N:$N,$A$1) -> 36 | G52: =SUMIFS(데이터!G:G,데이터!F:F,D52,데이터!$N:$N,$A$1) -> 36 | H52: =IFERROR(G52/F52,0) -> 1 | I52: =IFERROR((SUMIFS(데이터!K:K,데이터!F:F,D52,데이터!$N:$N,$A$1))/F52,0) -> 44 | J52: =IFERROR($G52/$G$2,"") -> 0.0045425868 | L52: =IFERROR(SUMIFS(데이터!$G:$G,데이터!$F:$F,$D52,데이터!$N:$N,$A$1,데이터!$L:$L,L$1),"") -> 36 | M52: =IFERROR($L52/($L52+$N52),"") -> 1 | N52: =IFERROR(SUMIFS(데이터!$G:$G,데이터!$F:$F,$D52,데이터!$N:$N,$A$1,데이터!$L:$L,N$1),"") -> 0 | O52: =IFERROR($N52/($N52+$L52),"") -> 0
D53: 스쿨북_198_198_가변 소프트 (스쿨북_198_198_18p_가변 소프트 / 198X198 | 소프트커버 | 없음 | 18p) | E53: 스쿨북 198 (소프트/18p) | F53: =COUNTIFS(데이터!F:F,D53,데이터!$N:$N,$A$1) -> 20 | G53: =SUMIFS(데이터!G:G,데이터!F:F,D53,데이터!$N:$N,$A$1) -> 20 | H53: =IFERROR(G53/F53,0) -> 1 | I53: =IFERROR((SUMIFS(데이터!K:K,데이터!F:F,D53,데이터!$N:$N,$A$1))/F53,0) -> 20 | J53: =IFERROR($G53/$G$2,"") -> 0.0025236593 | L53: =IFERROR(SUMIFS(데이터!$G:$G,데이터!$F:$F,$D53,데이터!$N:$N,$A$1,데이터!$L:$L,L$1),"") -> 20 | M53: =IFERROR($L53/($L53+$N53),"") -> 1 | N53: =IFERROR(SUMIFS(데이터!$G:$G,데이터!$F:$F,$D53,데이터!$N:$N,$A$1,데이터!$L:$L,N$1),"") -> 0 | O53: =IFERROR($N53/($N53+$L53),"") -> 0
D54: 스쿨북_197_278_가변 소프트 (스쿨북_197_278_42p_가변 소프트 / 197X278 | 소프트커버 | 없음 | 42p) | E54: 스쿨북 198 (소프트/42p) | F54: =COUNTIFS(데이터!F:F,D54,데이터!$N:$N,$A$1) -> 4 | G54: =SUMIFS(데이터!G:G,데이터!F:F,D54,데이터!$N:$N,$A$1) -> 4 | H54: =IFERROR(G54/F54,0) -> 1 | I54: =IFERROR((SUMIFS(데이터!K:K,데이터!F:F,D54,데이터!$N:$N,$A$1))/F54,0) -> 44 | J54: =IFERROR($G54/$G$2,"") -> 0.00050473186 | L54: =IFERROR(SUMIFS(데이터!$G:$G,데이터!$F:$F,$D54,데이터!$N:$N,$A$1,데이터!$L:$L,L$1),"") -> 4 | M54: =IFERROR($L54/($L54+$N54),"") -> 1 | N54: =IFERROR(SUMIFS(데이터!$G:$G,데이터!$F:$F,$D54,데이터!$N:$N,$A$1,데이터!$L:$L,N$1),"") -> 0 | O54: =IFERROR($N54/($N54+$L54),"") -> 0
C55: 스탑진 198 | D55: 스탑진_198_198_8p_중철 / 198X198 | 중철 | 없음 | 6p | E55: 스탑진 198 (6p) | F55: =COUNTIFS(데이터!F:F,D55,데이터!$N:$N,$A$1) -> 0 | G55: =SUMIFS(데이터!G:G,데이터!F:F,D55,데이터!$N:$N,$A$1) -> 0 | H55: =IFERROR(G55/F55,0) -> 0 | I55: =IFERROR((SUMIFS(데이터!K:K,데이터!F:F,D55,데이터!$N:$N,$A$1))/F55,0) -> 0 | J55: =IFERROR($G55/$G$2,"") -> 0 | K55: =SUM(G55:G57) -> 1 | L55: =IFERROR(SUMIFS(데이터!$G:$G,데이터!$F:$F,$D55,데이터!$N:$N,$A$1,데이터!$L:$L,L$1),"") -> 0 | M55: =IFERROR($L55/($L55+$N55),"") | N55: =IFERROR(SUMIFS(데이터!$G:$G,데이터!$F:$F,$D55,데이터!$N:$N,$A$1,데이터!$L:$L,N$1),"") -> 0 | O55: =IFERROR($N55/($N55+$L55),"")
D56: 스탑진_198_198_중철 (스탑진_198_198_16p_중철 / 198X198 | 중철 | 없음 | 14p) | E56: 스탑진 198 (14p) | F56: =COUNTIFS(데이터!F:F,D56,데이터!$N:$N,$A$1) -> 0 | G56: =SUMIFS(데이터!G:G,데이터!F:F,D56,데이터!$N:$N,$A$1) -> 0 | H56: =IFERROR(G56/F56,0) -> 0 | I56: =IFERROR((SUMIFS(데이터!K:K,데이터!F:F,D56,데이터!$N:$N,$A$1))/F56,0) -> 0 | J56: =IFERROR($G56/$G$2,"") -> 0 | L56: =IFERROR(SUMIFS(데이터!$G:$G,데이터!$F:$F,$D56,데이터!$N:$N,$A$1,데이터!$L:$L,L$1),"") -> 0 | M56: =IFERROR($L56/($L56+$N56),"") | N56: =IFERROR(SUMIFS(데이터!$G:$G,데이터!$F:$F,$D56,데이터!$N:$N,$A$1,데이터!$L:$L,N$1),"") -> 0 | O56: =IFERROR($N56/($N56+$L56),"")
D57: 스탑진_198_198_중철 (스탑진_198_198_24p_중철 / 198X198 | 중철 | 없음 | 22p) | E57: 스탑진 198 (22p) | F57: =COUNTIFS(데이터!F:F,D57,데이터!$N:$N,$A$1) -> 1 | G57: =SUMIFS(데이터!G:G,데이터!F:F,D57,데이터!$N:$N,$A$1) -> 1 | H57: =IFERROR(G57/F57,0) -> 1 | I57: =IFERROR((SUMIFS(데이터!K:K,데이터!F:F,D57,데이터!$N:$N,$A$1))/F57,0) -> 24 | J57: =IFERROR($G57/$G$2,"") -> 0.00012618297 | L57: =IFERROR(SUMIFS(데이터!$G:$G,데이터!$F:$F,$D57,데이터!$N:$N,$A$1,데이터!$L:$L,L$1),"") -> 1 | M57: =IFERROR($L57/($L57+$N57),"") -> 1 | N57: =IFERROR(SUMIFS(데이터!$G:$G,데이터!$F:$F,$D57,데이터!$N:$N,$A$1,데이터!$L:$L,N$1),"") -> 0 | O57: =IFERROR($N57/($N57+$L57),"") -> 0
C58: 스탑진 210 | D58: 스탑진_210_297_8p_중철 / 210X297 | 중철 | 없음 | 6p | E58: 스탑진 210 (6p) | F58: =COUNTIFS(데이터!F:F,D58,데이터!$N:$N,$A$1) -> 0 | G58: =SUMIFS(데이터!G:G,데이터!F:F,D58,데이터!$N:$N,$A$1) -> 0 | H58: =IFERROR(G58/F58,0) -> 0 | I58: =IFERROR((SUMIFS(데이터!K:K,데이터!F:F,D58,데이터!$N:$N,$A$1))/F58,0) -> 0 | J58: =IFERROR($G58/$G$2,"") -> 0 | K58: =SUM(G58:G60) -> 1 | L58: =IFERROR(SUMIFS(데이터!$G:$G,데이터!$F:$F,$D58,데이터!$N:$N,$A$1,데이터!$L:$L,L$1),"") -> 0 | M58: =IFERROR($L58/($L58+$N58),"") | N58: =IFERROR(SUMIFS(데이터!$G:$G,데이터!$F:$F,$D58,데이터!$N:$N,$A$1,데이터!$L:$L,N$1),"") -> 0 | O58: =IFERROR($N58/($N58+$L58),"")
D59: 스탑진_210_297_16p_중철 / 210X297 | 중철 | 없음 | 14p | E59: 스탑진 210 (14p) | F59: =COUNTIFS(데이터!F:F,D59,데이터!$N:$N,$A$1) -> 0 | G59: =SUMIFS(데이터!G:G,데이터!F:F,D59,데이터!$N:$N,$A$1) -> 0 | H59: =IFERROR(G59/F59,0) -> 0 | I59: =IFERROR((SUMIFS(데이터!K:K,데이터!F:F,D59,데이터!$N:$N,$A$1))/F59,0) -> 0 | J59: =IFERROR($G59/$G$2,"") -> 0 | L59: =IFERROR(SUMIFS(데이터!$G:$G,데이터!$F:$F,$D59,데이터!$N:$N,$A$1,데이터!$L:$L,L$1),"") -> 0 | M59: =IFERROR($L59/($L59+$N59),"") | N59: =IFERROR(SUMIFS(데이터!$G:$G,데이터!$F:$F,$D59,데이터!$N:$N,$A$1,데이터!$L:$L,N$1),"") -> 0 | O59: =IFERROR($N59/($N59+$L59),"")
D60: 스탑진_210_297_중철 (스탑진_210_297_24p_중철 / 210X297 | 중철 | 없음 | 22p) | E60: 스탑진 210 (22p) | F60: =COUNTIFS(데이터!F:F,D60,데이터!$N:$N,$A$1) -> 1 | G60: =SUMIFS(데이터!G:G,데이터!F:F,D60,데이터!$N:$N,$A$1) -> 1 | H60: =IFERROR(G60/F60,0) -> 1 | I60: =IFERROR((SUMIFS(데이터!K:K,데이터!F:F,D60,데이터!$N:$N,$A$1))/F60,0) -> 24 | J60: =IFERROR($G60/$G$2,"") -> 0.00012618297 | L60: =IFERROR(SUMIFS(데이터!$G:$G,데이터!$F:$F,$D60,데이터!$N:$N,$A$1,데이터!$L:$L,L$1),"") -> 1 | M60: =IFERROR($L60/($L60+$N60),"") -> 1 | N60: =IFERROR(SUMIFS(데이터!$G:$G,데이터!$F:$F,$D60,데이터!$N:$N,$A$1,데이터!$L:$L,N$1),"") -> 0 | O60: =IFERROR($N60/($N60+$L60),"") -> 0
C61: 시티북 210 | D61: 시티북_210_148_기성커버 (시티북_210_148_78p_기성 커버 / 210X148 | 쿠션하드커버 | 없음 | 78p | E61: 시티북 210 (쿠션하드/78p) | F61: =COUNTIFS(데이터!F:F,D61,데이터!$N:$N,$A$1) -> 52 | G61: =SUMIFS(데이터!G:G,데이터!F:F,D61,데이터!$N:$N,$A$1) -> 78 | H61: =IFERROR(G61/F61,0) -> 1.5 | I61: =IFERROR((SUMIFS(데이터!K:K,데이터!F:F,D61,데이터!$N:$N,$A$1))/F61,0) -> 80 | J61: =IFERROR($G61/$G$2,"") -> 0.0098422713 | K61: =SUM(G61:G64) -> 147 | L61: =IFERROR(SUMIFS(데이터!$G:$G,데이터!$F:$F,$D61,데이터!$N:$N,$A$1,데이터!$L:$L,L$1),"") -> 78 | M61: =IFERROR($L61/($L61+$N61),"") -> 1 | N61: =IFERROR(SUMIFS(데이터!$G:$G,데이터!$F:$F,$D61,데이터!$N:$N,$A$1,데이터!$L:$L,N$1),"") -> 0 | O61: =IFERROR($N61/($N61+$L61),"") -> 0
D62: 시티북_210_148_기성커버 (시티북_210_148_46p_기성 커버 / 210X148 | 쿠션하드커버 | 없음 | 46p | E62: 시티북 210 (쿠션하드/46p) | F62: =COUNTIFS(데이터!F:F,D62,데이터!$N:$N,$A$1) -> 14 | G62: =SUMIFS(데이터!G:G,데이터!F:F,D62,데이터!$N:$N,$A$1) -> 18 | H62: =IFERROR(G62/F62,0) -> 1.2857143 | I62: =IFERROR((SUMIFS(데이터!K:K,데이터!F:F,D62,데이터!$N:$N,$A$1))/F62,0) -> 48 | J62: =IFERROR($G62/$G$2,"") -> 0.0022712934 | L62: =IFERROR(SUMIFS(데이터!$G:$G,데이터!$F:$F,$D62,데이터!$N:$N,$A$1,데이터!$L:$L,L$1),"") -> 18 | M62: =IFERROR($L62/($L62+$N62),"") -> 1 | N62: =IFERROR(SUMIFS(데이터!$G:$G,데이터!$F:$F,$D62,데이터!$N:$N,$A$1,데이터!$L:$L,N$1),"") -> 0 | O62: =IFERROR($N62/($N62+$L62),"") -> 0
D63: 시티북_210_148_기성커버 (시티북_210_148_78p_기성 커버 / 210X148 | 소프트커버 | 없음 | 78p | E63: 시티북 210 (소프트/78p) | F63: =COUNTIFS(데이터!F:F,D63,데이터!$N:$N,$A$1) -> 21 | G63: =SUMIFS(데이터!G:G,데이터!F:F,D63,데이터!$N:$N,$A$1) -> 28 | H63: =IFERROR(G63/F63,0) -> 1.3333333 | I63: =IFERROR((SUMIFS(데이터!K:K,데이터!F:F,D63,데이터!$N:$N,$A$1))/F63,0) -> 80 | J63: =IFERROR($G63/$G$2,"") -> 0.003533123 | L63: =IFERROR(SUMIFS(데이터!$G:$G,데이터!$F:$F,$D63,데이터!$N:$N,$A$1,데이터!$L:$L,L$1),"") -> 28 | M63: =IFERROR($L63/($L63+$N63),"") -> 1 | N63: =IFERROR(SUMIFS(데이터!$G:$G,데이터!$F:$F,$D63,데이터!$N:$N,$A$1,데이터!$L:$L,N$1),"") -> 0 | O63: =IFERROR($N63/($N63+$L63),"") -> 0
D64: 시티북_210_148_기성커버 (시티북_210_148_46p_기성 커버 / 210X148 | 소프트커버 | 없음 | 46p | E64: 시티북 210 (소프트/46p) | F64: =COUNTIFS(데이터!F:F,D64,데이터!$N:$N,$A$1) -> 23 | G64: =SUMIFS(데이터!G:G,데이터!F:F,D64,데이터!$N:$N,$A$1) -> 23 | H64: =IFERROR(G64/F64,0) -> 1 | I64: =IFERROR((SUMIFS(데이터!K:K,데이터!F:F,D64,데이터!$N:$N,$A$1))/F64,0) -> 49.391304 | J64: =IFERROR($G64/$G$2,"") -> 0.0029022082 | L64: =IFERROR(SUMIFS(데이터!$G:$G,데이터!$F:$F,$D64,데이터!$N:$N,$A$1,데이터!$L:$L,L$1),"") -> 23 | M64: =IFERROR($L64/($L64+$N64),"") -> 1 | N64: =IFERROR(SUMIFS(데이터!$G:$G,데이터!$F:$F,$D64,데이터!$N:$N,$A$1,데이터!$L:$L,N$1),"") -> 0 | O64: =IFERROR($N64/($N64+$L64),"") -> 0
C65: 시티북 198 | D65: 시티북_198_198_기성커버 (시티북_198_198_78p_기성 커버 / 198X198 | 쿠션하드커버 | 없음 | 78p | E65: 시티북 198 (쿠션하드/78p) | F65: =COUNTIFS(데이터!F:F,D65,데이터!$N:$N,$A$1) -> 46 | G65: =SUMIFS(데이터!G:G,데이터!F:F,D65,데이터!$N:$N,$A$1) -> 67 | H65: =IFERROR(G65/F65,0) -> 1.4565217 | I65: =IFERROR((SUMIFS(데이터!K:K,데이터!F:F,D65,데이터!$N:$N,$A$1))/F65,0) -> 80 | J65: =IFERROR($G65/$G$2,"") -> 0.0084542587 | K65: =SUM(G65:G68) -> 113 | L65: =IFERROR(SUMIFS(데이터!$G:$G,데이터!$F:$F,$D65,데이터!$N:$N,$A$1,데이터!$L:$L,L$1),"") -> 67 | M65: =IFERROR($L65/($L65+$N65),"") -> 1 | N65: =IFERROR(SUMIFS(데이터!$G:$G,데이터!$F:$F,$D65,데이터!$N:$N,$A$1,데이터!$L:$L,N$1),"") -> 0 | O65: =IFERROR($N65/($N65+$L65),"") -> 0
D66: 시티북_198_198_기성커버 (시티북_198_198_46p_기성 커버 / 198X198 | 쿠션하드커버 | 없음 | 46p | E66: 시티북 198 (쿠션하드/46p) | F66: =COUNTIFS(데이터!F:F,D66,데이터!$N:$N,$A$1) -> 12 | G66: =SUMIFS(데이터!G:G,데이터!F:F,D66,데이터!$N:$N,$A$1) -> 19 | H66: =IFERROR(G66/F66,0) -> 1.5833333 | I66: =IFERROR((SUMIFS(데이터!K:K,데이터!F:F,D66,데이터!$N:$N,$A$1))/F66,0) -> 48 | J66: =IFERROR($G66/$G$2,"") -> 0.0023974763 | L66: =IFERROR(SUMIFS(데이터!$G:$G,데이터!$F:$F,$D66,데이터!$N:$N,$A$1,데이터!$L:$L,L$1),"") -> 19 | M66: =IFERROR($L66/($L66+$N66),"") -> 1 | N66: =IFERROR(SUMIFS(데이터!$G:$G,데이터!$F:$F,$D66,데이터!$N:$N,$A$1,데이터!$L:$L,N$1),"") -> 0 | O66: =IFERROR($N66/($N66+$L66),"") -> 0
D67: 시티북_198_198_기성커버 (시티북_198_198_78p_기성 커버 / 198X198 | 소프트커버 | 없음 | 78p | E67: 시티북 198 (소프트/78p) | F67: =COUNTIFS(데이터!F:F,D67,데이터!$N:$N,$A$1) -> 15 | G67: =SUMIFS(데이터!G:G,데이터!F:F,D67,데이터!$N:$N,$A$1) -> 23 | H67: =IFERROR(G67/F67,0) -> 1.5333333 | I67: =IFERROR((SUMIFS(데이터!K:K,데이터!F:F,D67,데이터!$N:$N,$A$1))/F67,0) -> 80 | J67: =IFERROR($G67/$G$2,"") -> 0.0029022082 | L67: =IFERROR(SUMIFS(데이터!$G:$G,데이터!$F:$F,$D67,데이터!$N:$N,$A$1,데이터!$L:$L,L$1),"") -> 23 | M67: =IFERROR($L67/($L67+$N67),"") -> 1 | N67: =IFERROR(SUMIFS(데이터!$G:$G,데이터!$F:$F,$D67,데이터!$N:$N,$A$1,데이터!$L:$L,N$1),"") -> 0 | O67: =IFERROR($N67/($N67+$L67),"") -> 0
D68: 시티북_198_198_기성커버 (시티북_198_198_46p_기성 커버 / 198X198 | 소프트커버 | 없음 | 46p | E68: 시티북 198 (소프트/46p) | F68: =COUNTIFS(데이터!F:F,D68,데이터!$N:$N,$A$1) -> 4 | G68: =SUMIFS(데이터!G:G,데이터!F:F,D68,데이터!$N:$N,$A$1) -> 4 | H68: =IFERROR(G68/F68,0) -> 1 | I68: =IFERROR((SUMIFS(데이터!K:K,데이터!F:F,D68,데이터!$N:$N,$A$1))/F68,0) -> 48 | J68: =IFERROR($G68/$G$2,"") -> 0.00050473186 | L68: =IFERROR(SUMIFS(데이터!$G:$G,데이터!$F:$F,$D68,데이터!$N:$N,$A$1,데이터!$L:$L,L$1),"") -> 4 | M68: =IFERROR($L68/($L68+$N68),"") -> 1 | N68: =IFERROR(SUMIFS(데이터!$G:$G,데이터!$F:$F,$D68,데이터!$N:$N,$A$1,데이터!$L:$L,N$1),"") -> 0 | O68: =IFERROR($N68/($N68+$L68),"") -> 0
C69: 워크샵북 | D69: 단체북 (워크샵북_251_186_가변하드(드림라보 출력) / 251X186 | 하드커버 | 없음 | 82p) | E69: 워크샵북 | F69: =COUNTIFS(데이터!F:F,D69,데이터!$N:$N,$A$1) -> 20 | G69: =SUMIFS(데이터!G:G,데이터!F:F,D69,데이터!$N:$N,$A$1) -> 43 | H69: =IFERROR(G69/F69,0) -> 2.15 | I69: =IFERROR((SUMIFS(데이터!K:K,데이터!F:F,D69,데이터!$N:$N,$A$1))/F69,0) -> 104.1 | J69: =IFERROR($G69/$G$2,"") -> 0.0054258675 | K69: =G69 -> 43 | L69: =IFERROR(SUMIFS(데이터!$G:$G,데이터!$F:$F,$D69,데이터!$N:$N,$A$1,데이터!$L:$L,L$1),"") -> 43 | M69: =IFERROR($L69/($L69+$N69),"") -> 1 | N69: =IFERROR(SUMIFS(데이터!$G:$G,데이터!$F:$F,$D69,데이터!$N:$N,$A$1,데이터!$L:$L,N$1),"") -> 0 | O69: =IFERROR($N69/($N69+$L69),"") -> 0
C70: 졸업북 | D70: 졸업북_197_278_가변하드 (졸업북_197_278_하드커버 _갈색 혜드밴드 / 197X278 | 하드커버무광 | 없음 | 22p) | E70: 졸업북 (무광) | F70: =COUNTIFS(데이터!F:F,D70,데이터!$N:$N,$A$1) -> 0 | G70: =SUMIFS(데이터!G:G,데이터!F:F,D70,데이터!$N:$N,$A$1) -> 0 | H70: =IFERROR(G70/F70,0) -> 0 | I70: =IFERROR((SUMIFS(데이터!K:K,데이터!F:F,D70,데이터!$N:$N,$A$1))/F70,0) -> 0 | J70: =IFERROR($G70/$G$2,"") -> 0 | K70: =SUM(G70:G71) -> 0 | L70: =IFERROR(SUMIFS(데이터!$G:$G,데이터!$F:$F,$D70,데이터!$N:$N,$A$1,데이터!$L:$L,L$1),"") -> 0 | M70: =IFERROR($L70/($L70+$N70),"") | N70: =IFERROR(SUMIFS(데이터!$G:$G,데이터!$F:$F,$D70,데이터!$N:$N,$A$1,데이터!$L:$L,N$1),"") -> 0 | O70: =IFERROR($N70/($N70+$L70),"")
D71: 졸업북_197_278_가변하드 (졸업북_197_278_하드커버 _갈색 혜드밴드 / 197X278 | 하드커버유광 | 없음 | 22p) | E71: 졸업북 (유광) | F71: =COUNTIFS(데이터!F:F,D71,데이터!$N:$N,$A$1) -> 0 | G71: =SUMIFS(데이터!G:G,데이터!F:F,D71,데이터!$N:$N,$A$1) -> 0 | H71: =IFERROR(G71/F71,0) -> 0 | I71: =IFERROR((SUMIFS(데이터!K:K,데이터!F:F,D71,데이터!$N:$N,$A$1))/F71,0) -> 0 | J71: =IFERROR($G71/$G$2,"") -> 0 | L71: =IFERROR(SUMIFS(데이터!$G:$G,데이터!$F:$F,$D71,데이터!$N:$N,$A$1,데이터!$L:$L,L$1),"") -> 0 | M71: =IFERROR($L71/($L71+$N71),"") | N71: =IFERROR(SUMIFS(데이터!$G:$G,데이터!$F:$F,$D71,데이터!$N:$N,$A$1,데이터!$L:$L,N$1),"") -> 0 | O71: =IFERROR($N71/($N71+$L71),"")
C72: 초콜릿북 | D72: 초콜릿북_210_148_58p_기성 커버 / 210X148 | 쿠션하드커버 | 없음 | 58p | E72: 초콜릿북 | F72: =COUNTIFS(데이터!F:F,D72,데이터!$N:$N,$A$1) -> 0 | G72: =SUMIFS(데이터!G:G,데이터!F:F,D72,데이터!$N:$N,$A$1) -> 0 | H72: =IFERROR(G72/F72,0) -> 0 | I72: =IFERROR((SUMIFS(데이터!K:K,데이터!F:F,D72,데이터!$N:$N,$A$1))/F72,0) -> 0 | J72: =IFERROR($G72/$G$2,"") -> 0 | K72: =G72 -> 0 | L72: =IFERROR(SUMIFS(데이터!$G:$G,데이터!$F:$F,$D72,데이터!$N:$N,$A$1,데이터!$L:$L,L$1),"") -> 0 | M72: =IFERROR($L72/($L72+$N72),"") | N72: =IFERROR(SUMIFS(데이터!$G:$G,데이터!$F:$F,$D72,데이터!$N:$N,$A$1,데이터!$L:$L,N$1),"") -> 0 | O72: =IFERROR($N72/($N72+$L72),"")
C73: 키즈북 198 | D73: 키즈북_198_198_가변 쿠션하드 (키즈북_198_198_70p_가변 쿠션하드 / 198X198 | 쿠션하드커버 | 없음 | 70p) | E73: 키즈북 198 (쿠션하드/70p) | F73: =COUNTIFS(데이터!F:F,D73,데이터!$N:$N,$A$1) -> 1 | G73: =SUMIFS(데이터!G:G,데이터!F:F,D73,데이터!$N:$N,$A$1) -> 1 | H73: =IFERROR(G73/F73,0) -> 1 | I73: =IFERROR((SUMIFS(데이터!K:K,데이터!F:F,D73,데이터!$N:$N,$A$1))/F73,0) -> 72 | J73: =IFERROR($G73/$G$2,"") -> 0.00012618297 | K73: =SUM(G73:G76) -> 9 | L73: =IFERROR(SUMIFS(데이터!$G:$G,데이터!$F:$F,$D73,데이터!$N:$N,$A$1,데이터!$L:$L,L$1),"") -> 1 | M73: =IFERROR($L73/($L73+$N73),"") -> 1 | N73: =IFERROR(SUMIFS(데이터!$G:$G,데이터!$F:$F,$D73,데이터!$N:$N,$A$1,데이터!$L:$L,N$1),"") -> 0 | O73: =IFERROR($N73/($N73+$L73),"") -> 0
D74: 키즈북_198_198_34p_가변 쿠션하드 / 198X198 | 쿠션하드커버 | 없음 | 34p | E74: 키즈북 198 (쿠션하드/34p) | F74: =COUNTIFS(데이터!F:F,D74,데이터!$N:$N,$A$1) -> 0 | G74: =SUMIFS(데이터!G:G,데이터!F:F,D74,데이터!$N:$N,$A$1) -> 0 | H74: =IFERROR(G74/F74,0) -> 0 | I74: =IFERROR((SUMIFS(데이터!K:K,데이터!F:F,D74,데이터!$N:$N,$A$1))/F74,0) -> 0 | J74: =IFERROR($G74/$G$2,"") -> 0 | L74: =IFERROR(SUMIFS(데이터!$G:$G,데이터!$F:$F,$D74,데이터!$N:$N,$A$1,데이터!$L:$L,L$1),"") -> 0 | M74: =IFERROR($L74/($L74+$N74),"") | N74: =IFERROR(SUMIFS(데이터!$G:$G,데이터!$F:$F,$D74,데이터!$N:$N,$A$1,데이터!$L:$L,N$1),"") -> 0 | O74: =IFERROR($N74/($N74+$L74),"")
D75: 키즈북_198_198_가변 소프트 (키즈북_198_198_70p_가변 소프트 / 198X198 | 소프트커버 | 없음 | 70p) | E75: 키즈북 198 (소프트/70p) | F75: =COUNTIFS(데이터!F:F,D75,데이터!$N:$N,$A$1) -> 1 | G75: =SUMIFS(데이터!G:G,데이터!F:F,D75,데이터!$N:$N,$A$1) -> 1 | H75: =IFERROR(G75/F75,0) -> 1 | I75: =IFERROR((SUMIFS(데이터!K:K,데이터!F:F,D75,데이터!$N:$N,$A$1))/F75,0) -> 72 | J75: =IFERROR($G75/$G$2,"") -> 0.00012618297 | L75: =IFERROR(SUMIFS(데이터!$G:$G,데이터!$F:$F,$D75,데이터!$N:$N,$A$1,데이터!$L:$L,L$1),"") -> 1 | M75: =IFERROR($L75/($L75+$N75),"") -> 1 | N75: =IFERROR(SUMIFS(데이터!$G:$G,데이터!$F:$F,$D75,데이터!$N:$N,$A$1,데이터!$L:$L,N$1),"") -> 0 | O75: =IFERROR($N75/($N75+$L75),"") -> 0
D76: 키즈북_198_198_가변 소프트 (키즈북_198_198_34p_가변 소프트 / 198X198 | 소프트커버 | 없음 | 34p) | E76: 키즈북 198 (소프트/34p) | F76: =COUNTIFS(데이터!F:F,D76,데이터!$N:$N,$A$1) -> 7 | G76: =SUMIFS(데이터!G:G,데이터!F:F,D76,데이터!$N:$N,$A$1) -> 7 | H76: =IFERROR(G76/F76,0) -> 1 | I76: =IFERROR((SUMIFS(데이터!K:K,데이터!F:F,D76,데이터!$N:$N,$A$1))/F76,0) -> 36 | J76: =IFERROR($G76/$G$2,"") -> 0.00088328076 | L76: =IFERROR(SUMIFS(데이터!$G:$G,데이터!$F:$F,$D76,데이터!$N:$N,$A$1,데이터!$L:$L,L$1),"") -> 7 | M76: =IFERROR($L76/($L76+$N76),"") -> 1 | N76: =IFERROR(SUMIFS(데이터!$G:$G,데이터!$F:$F,$D76,데이터!$N:$N,$A$1,데이터!$L:$L,N$1),"") -> 0 | O76: =IFERROR($N76/($N76+$L76),"") -> 0
C77: 키즈북 197 | D77: 키즈북_197_278_70p_가변 쿠션하드 / 197X278 | 쿠션하드커버 | 없음 | 70p | E77: 키즈북 197 (쿠션하드/70p) | F77: =COUNTIFS(데이터!F:F,D77,데이터!$N:$N,$A$1) -> 0 | G77: =SUMIFS(데이터!G:G,데이터!F:F,D77,데이터!$N:$N,$A$1) -> 0 | H77: =IFERROR(G77/F77,0) -> 0 | I77: =IFERROR((SUMIFS(데이터!K:K,데이터!F:F,D77,데이터!$N:$N,$A$1))/F77,0) -> 0 | J77: =IFERROR($G77/$G$2,"") -> 0 | K77: =SUM(G77:G80) -> 3 | L77: =IFERROR(SUMIFS(데이터!$G:$G,데이터!$F:$F,$D77,데이터!$N:$N,$A$1,데이터!$L:$L,L$1),"") -> 0 | M77: =IFERROR($L77/($L77+$N77),"") | N77: =IFERROR(SUMIFS(데이터!$G:$G,데이터!$F:$F,$D77,데이터!$N:$N,$A$1,데이터!$L:$L,N$1),"") -> 0 | O77: =IFERROR($N77/($N77+$L77),"")
D78: 키즈북_197_278_34p_가변 쿠션하드 / 197X278 | 쿠션하드커버 | 없음 | 34p | E78: 키즈북 197 (쿠션하드/34p) | F78: =COUNTIFS(데이터!F:F,D78,데이터!$N:$N,$A$1) -> 0 | G78: =SUMIFS(데이터!G:G,데이터!F:F,D78,데이터!$N:$N,$A$1) -> 0 | H78: =IFERROR(G78/F78,0) -> 0 | I78: =IFERROR((SUMIFS(데이터!K:K,데이터!F:F,D78,데이터!$N:$N,$A$1))/F78,0) -> 0 | J78: =IFERROR($G78/$G$2,"") -> 0 | L78: =IFERROR(SUMIFS(데이터!$G:$G,데이터!$F:$F,$D78,데이터!$N:$N,$A$1,데이터!$L:$L,L$1),"") -> 0 | M78: =IFERROR($L78/($L78+$N78),"") | N78: =IFERROR(SUMIFS(데이터!$G:$G,데이터!$F:$F,$D78,데이터!$N:$N,$A$1,데이터!$L:$L,N$1),"") -> 0 | O78: =IFERROR($N78/($N78+$L78),"")
D79: 키즈북_197_278_가변 소프트 (키즈북_197_278_70p_가변 소프트 / 197X278 | 소프트커버 | 없음 | 70p) | E79: 키즈북 197 (소프트/70p) | F79: =COUNTIFS(데이터!F:F,D79,데이터!$N:$N,$A$1) -> 3 | G79: =SUMIFS(데이터!G:G,데이터!F:F,D79,데이터!$N:$N,$A$1) -> 3 | H79: =IFERROR(G79/F79,0) -> 1 | I79: =IFERROR((SUMIFS(데이터!K:K,데이터!F:F,D79,데이터!$N:$N,$A$1))/F79,0) -> 72 | J79: =IFERROR($G79/$G$2,"") -> 0.0003785489 | L79: =IFERROR(SUMIFS(데이터!$G:$G,데이터!$F:$F,$D79,데이터!$N:$N,$A$1,데이터!$L:$L,L$1),"") -> 3 | M79: =IFERROR($L79/($L79+$N79),"") -> 1 | N79: =IFERROR(SUMIFS(데이터!$G:$G,데이터!$F:$F,$D79,데이터!$N:$N,$A$1,데이터!$L:$L,N$1),"") -> 0 | O79: =IFERROR($N79/($N79+$L79),"") -> 0
D80: 키즈북_197_278_34p_가변 소프트 / 197X278 | 소프트커버 | 없음 | 34p | E80: 키즈북 197 (소프트/34p) | F80: =COUNTIFS(데이터!F:F,D80,데이터!$N:$N,$A$1) -> 0 | G80: =SUMIFS(데이터!G:G,데이터!F:F,D80,데이터!$N:$N,$A$1) -> 0 | H80: =IFERROR(G80/F80,0) -> 0 | I80: =IFERROR((SUMIFS(데이터!K:K,데이터!F:F,D80,데이터!$N:$N,$A$1))/F80,0) -> 0 | J80: =IFERROR($G80/$G$2,"") -> 0 | L80: =IFERROR(SUMIFS(데이터!$G:$G,데이터!$F:$F,$D80,데이터!$N:$N,$A$1,데이터!$L:$L,L$1),"") -> 0 | M80: =IFERROR($L80/($L80+$N80),"") | N80: =IFERROR(SUMIFS(데이터!$G:$G,데이터!$F:$F,$D80,데이터!$N:$N,$A$1,데이터!$L:$L,N$1),"") -> 0 | O80: =IFERROR($N80/($N80+$L80),"")
C81: 키즈진 150 | D81: 키즈진_150_210_중철 (키즈진_150_210_16p_중철 / 150X210 | 중철 | 없음 | 14p) | E81: 키즈진 150 (14p) | F81: =COUNTIFS(데이터!F:F,D81,데이터!$N:$N,$A$1) -> 1 | G81: =SUMIFS(데이터!G:G,데이터!F:F,D81,데이터!$N:$N,$A$1) -> 3 | H81: =IFERROR(G81/F81,0) -> 3 | I81: =IFERROR((SUMIFS(데이터!K:K,데이터!F:F,D81,데이터!$N:$N,$A$1))/F81,0) -> 16 | J81: =IFERROR($G81/$G$2,"") -> 0.0003785489 | K81: =SUM(G81:G82) -> 3 | L81: =IFERROR(SUMIFS(데이터!$G:$G,데이터!$F:$F,$D81,데이터!$N:$N,$A$1,데이터!$L:$L,L$1),"") -> 3 | M81: =IFERROR($L81/($L81+$N81),"") -> 1 | N81: =IFERROR(SUMIFS(데이터!$G:$G,데이터!$F:$F,$D81,데이터!$N:$N,$A$1,데이터!$L:$L,N$1),"") -> 0 | O81: =IFERROR($N81/($N81+$L81),"") -> 0
D82: 키즈진_150_210_중철 (키즈진_150_210_24p_중철 / 150X210 | 중철 | 없음 | 22p) | E82: 키즈진 150 (22p) | F82: =COUNTIFS(데이터!F:F,D82,데이터!$N:$N,$A$1) -> 0 | G82: =SUMIFS(데이터!G:G,데이터!F:F,D82,데이터!$N:$N,$A$1) -> 0 | H82: =IFERROR(G82/F82,0) -> 0 | I82: =IFERROR((SUMIFS(데이터!K:K,데이터!F:F,D82,데이터!$N:$N,$A$1))/F82,0) -> 0 | J82: =IFERROR($G82/$G$2,"") -> 0 | L82: =IFERROR(SUMIFS(데이터!$G:$G,데이터!$F:$F,$D82,데이터!$N:$N,$A$1,데이터!$L:$L,L$1),"") -> 0 | M82: =IFERROR($L82/($L82+$N82),"") | N82: =IFERROR(SUMIFS(데이터!$G:$G,데이터!$F:$F,$D82,데이터!$N:$N,$A$1,데이터!$L:$L,N$1),"") -> 0 | O82: =IFERROR($N82/($N82+$L82),"")
C83: 키즈진 210 | D83: 키즈진_210_297_16p_중철 / 210X297 | 중철 | 없음 | 14p | E83: 키즈진 210 (14p) | F83: =COUNTIFS(데이터!F:F,D83,데이터!$N:$N,$A$1) -> 0 | G83: =SUMIFS(데이터!G:G,데이터!F:F,D83,데이터!$N:$N,$A$1) -> 0 | H83: =IFERROR(G83/F83,0) -> 0 | I83: =IFERROR((SUMIFS(데이터!K:K,데이터!F:F,D83,데이터!$N:$N,$A$1))/F83,0) -> 0 | J83: =IFERROR($G83/$G$2,"") -> 0 | K83: =SUM(G83:G84) -> 0 | L83: =IFERROR(SUMIFS(데이터!$G:$G,데이터!$F:$F,$D83,데이터!$N:$N,$A$1,데이터!$L:$L,L$1),"") -> 0 | M83: =IFERROR($L83/($L83+$N83),"") | N83: =IFERROR(SUMIFS(데이터!$G:$G,데이터!$F:$F,$D83,데이터!$N:$N,$A$1,데이터!$L:$L,N$1),"") -> 0 | O83: =IFERROR($N83/($N83+$L83),"")
D84: 키즈진_210_297_24p_중철 / 210X297 | 중철 | 없음 | 22p | E84: 키즈진 210 (22p) | F84: =COUNTIFS(데이터!F:F,D84,데이터!$N:$N,$A$1) -> 0 | G84: =SUMIFS(데이터!G:G,데이터!F:F,D84,데이터!$N:$N,$A$1) -> 0 | H84: =IFERROR(G84/F84,0) -> 0 | I84: =IFERROR((SUMIFS(데이터!K:K,데이터!F:F,D84,데이터!$N:$N,$A$1))/F84,0) -> 0 | J84: =IFERROR($G84/$G$2,"") -> 0 | L84: =IFERROR(SUMIFS(데이터!$G:$G,데이터!$F:$F,$D84,데이터!$N:$N,$A$1,데이터!$L:$L,L$1),"") -> 0 | M84: =IFERROR($L84/($L84+$N84),"") | N84: =IFERROR(SUMIFS(데이터!$G:$G,데이터!$F:$F,$D84,데이터!$N:$N,$A$1,데이터!$L:$L,N$1),"") -> 0 | O84: =IFERROR($N84/($N84+$L84),"")
C85: 트래블북 210 | D85: 트래블북_210_148_기성커버 (트래블북_210_148_78p_기성 커버 / 210X148 | 쿠션하드커버 | 없음 | 78p | E85: 트래블북 A5 (쿠션하드/78p) | F85: =COUNTIFS(데이터!F:F,D85,데이터!$N:$N,$A$1) -> 17 | G85: =SUMIFS(데이터!G:G,데이터!F:F,D85,데이터!$N:$N,$A$1) -> 28 | H85: =IFERROR(G85/F85,0) -> 1.6470588 | I85: =IFERROR((SUMIFS(데이터!K:K,데이터!F:F,D85,데이터!$N:$N,$A$1))/F85,0) -> 80 | J85: =IFERROR($G85/$G$2,"") -> 0.003533123 | K85: =SUM(G85:G88) -> 66 | L85: =IFERROR(SUMIFS(데이터!$G:$G,데이터!$F:$F,$D85,데이터!$N:$N,$A$1,데이터!$L:$L,L$1),"") -> 28 | M85: =IFERROR($L85/($L85+$N85),"") -> 1 | N85: =IFERROR(SUMIFS(데이터!$G:$G,데이터!$F:$F,$D85,데이터!$N:$N,$A$1,데이터!$L:$L,N$1),"") -> 0 | O85: =IFERROR($N85/($N85+$L85),"") -> 0
D86: 트래블북_210_148_기성커버 (트래블북_210_148_46p_기성 커버 / 210X148 | 쿠션하드커버 | 없음 | 46p | E86: 트래블북 A5 (쿠션하드/46p) | F86: =COUNTIFS(데이터!F:F,D86,데이터!$N:$N,$A$1) -> 5 | G86: =SUMIFS(데이터!G:G,데이터!F:F,D86,데이터!$N:$N,$A$1) -> 6 | H86: =IFERROR(G86/F86,0) -> 1.2 | I86: =IFERROR((SUMIFS(데이터!K:K,데이터!F:F,D86,데이터!$N:$N,$A$1))/F86,0) -> 48 | J86: =IFERROR($G86/$G$2,"") -> 0.00075709779 | L86: =IFERROR(SUMIFS(데이터!$G:$G,데이터!$F:$F,$D86,데이터!$N:$N,$A$1,데이터!$L:$L,L$1),"") -> 6 | M86: =IFERROR($L86/($L86+$N86),"") -> 1 | N86: =IFERROR(SUMIFS(데이터!$G:$G,데이터!$F:$F,$D86,데이터!$N:$N,$A$1,데이터!$L:$L,N$1),"") -> 0 | O86: =IFERROR($N86/($N86+$L86),"") -> 0
D87: 트래블북_210_148_기성커버 (트래블북_210_148_78p_기성 커버 / 210X148 | 소프트커버 | 없음 | 78p | E87: 트래블북 A5 (소프트/78p) | F87: =COUNTIFS(데이터!F:F,D87,데이터!$N:$N,$A$1) -> 8 | G87: =SUMIFS(데이터!G:G,데이터!F:F,D87,데이터!$N:$N,$A$1) -> 20 | H87: =IFERROR(G87/F87,0) -> 2.5 | I87: =IFERROR((SUMIFS(데이터!K:K,데이터!F:F,D87,데이터!$N:$N,$A$1))/F87,0) -> 80 | J87: =IFERROR($G87/$G$2,"") -> 0.0025236593 | L87: =IFERROR(SUMIFS(데이터!$G:$G,데이터!$F:$F,$D87,데이터!$N:$N,$A$1,데이터!$L:$L,L$1),"") -> 8 | M87: =IFERROR($L87/($L87+$N87),"") -> 1 | N87: =IFERROR(SUMIFS(데이터!$G:$G,데이터!$F:$F,$D87,데이터!$N:$N,$A$1,데이터!$L:$L,N$1),"") -> 0 | O87: =IFERROR($N87/($N87+$L87),"") -> 0
D88: 트래블북_210_148_기성커버 (트래블북_210_148_46p_기성 커버 / 210X148 | 소프트커버 | 없음 | 46p | E88: 트래블북 A5 (소프트/46p) | F88: =COUNTIFS(데이터!F:F,D88,데이터!$N:$N,$A$1) -> 5 | G88: =SUMIFS(데이터!G:G,데이터!F:F,D88,데이터!$N:$N,$A$1) -> 12 | H88: =IFERROR(G88/F88,0) -> 2.4 | I88: =IFERROR((SUMIFS(데이터!K:K,데이터!F:F,D88,데이터!$N:$N,$A$1))/F88,0) -> 48 | J88: =IFERROR($G88/$G$2,"") -> 0.0015141956 | L88: =IFERROR(SUMIFS(데이터!$G:$G,데이터!$F:$F,$D88,데이터!$N:$N,$A$1,데이터!$L:$L,L$1),"") -> 12 | M88: =IFERROR($L88/($L88+$N88),"") -> 1 | N88: =IFERROR(SUMIFS(데이터!$G:$G,데이터!$F:$F,$D88,데이터!$N:$N,$A$1,데이터!$L:$L,N$1),"") -> 0 | O88: =IFERROR($N88/($N88+$L88),"") -> 0
C89: 트래블북 198 | D89: 트래블북_198_198_기성커버 (트래블북_198_198_78p_기성 커버 / 198X198 | 쿠션하드커버 | 없음 | 78p | E89: 트래블북 198 (쿠션하드/78p) | F89: =COUNTIFS(데이터!F:F,D89,데이터!$N:$N,$A$1) -> 24 | G89: =SUMIFS(데이터!G:G,데이터!F:F,D89,데이터!$N:$N,$A$1) -> 35 | H89: =IFERROR(G89/F89,0) -> 1.4583333 | I89: =IFERROR((SUMIFS(데이터!K:K,데이터!F:F,D89,데이터!$N:$N,$A$1))/F89,0) -> 80 | J89: =IFERROR($G89/$G$2,"") -> 0.0044164038 | K89: =SUM(G89:G92) -> 72 | L89: =IFERROR(SUMIFS(데이터!$G:$G,데이터!$F:$F,$D89,데이터!$N:$N,$A$1,데이터!$L:$L,L$1),"") -> 35 | M89: =IFERROR($L89/($L89+$N89),"") -> 1 | N89: =IFERROR(SUMIFS(데이터!$G:$G,데이터!$F:$F,$D89,데이터!$N:$N,$A$1,데이터!$L:$L,N$1),"") -> 0 | O89: =IFERROR($N89/($N89+$L89),"") -> 0
D90: 트래블북_198_198_기성커버 (트래블북_198_198_46p_기성 커버 / 198X198 | 쿠션하드커버 | 없음 | 46p | E90: 트래블북 198 (쿠션하드/46p) | F90: =COUNTIFS(데이터!F:F,D90,데이터!$N:$N,$A$1) -> 12 | G90: =SUMIFS(데이터!G:G,데이터!F:F,D90,데이터!$N:$N,$A$1) -> 17 | H90: =IFERROR(G90/F90,0) -> 1.4166667 | I90: =IFERROR((SUMIFS(데이터!K:K,데이터!F:F,D90,데이터!$N:$N,$A$1))/F90,0) -> 48 | J90: =IFERROR($G90/$G$2,"") -> 0.0021451104 | L90: =IFERROR(SUMIFS(데이터!$G:$G,데이터!$F:$F,$D90,데이터!$N:$N,$A$1,데이터!$L:$L,L$1),"") -> 17 | M90: =IFERROR($L90/($L90+$N90),"") -> 1 | N90: =IFERROR(SUMIFS(데이터!$G:$G,데이터!$F:$F,$D90,데이터!$N:$N,$A$1,데이터!$L:$L,N$1),"") -> 0 | O90: =IFERROR($N90/($N90+$L90),"") -> 0
D91: 트래블북_198_198_기성커버 (트래블북_198_198_78p_기성 커버 / 198X198 | 소프트커버 | 없음 | 78p | E91: 트래블북 198 (소프트/78p) | F91: =COUNTIFS(데이터!F:F,D91,데이터!$N:$N,$A$1) -> 10 | G91: =SUMIFS(데이터!G:G,데이터!F:F,D91,데이터!$N:$N,$A$1) -> 14 | H91: =IFERROR(G91/F91,0) -> 1.4 | I91: =IFERROR((SUMIFS(데이터!K:K,데이터!F:F,D91,데이터!$N:$N,$A$1))/F91,0) -> 80 | J91: =IFERROR($G91/$G$2,"") -> 0.0017665615 | L91: =IFERROR(SUMIFS(데이터!$G:$G,데이터!$F:$F,$D91,데이터!$N:$N,$A$1,데이터!$L:$L,L$1),"") -> 14 | M91: =IFERROR($L91/($L91+$N91),"") -> 1 | N91: =IFERROR(SUMIFS(데이터!$G:$G,데이터!$F:$F,$D91,데이터!$N:$N,$A$1,데이터!$L:$L,N$1),"") -> 0 | O91: =IFERROR($N91/($N91+$L91),"") -> 0
D92: 트래블북_198_198_기성커버 (트래블북_198_198_46p_기성 커버 / 198X198 | 소프트커버 | 없음 | 46p | E92: 트래블북 198 (소프트/46p) | F92: =COUNTIFS(데이터!F:F,D92,데이터!$N:$N,$A$1) -> 6 | G92: =SUMIFS(데이터!G:G,데이터!F:F,D92,데이터!$N:$N,$A$1) -> 6 | H92: =IFERROR(G92/F92,0) -> 1 | I92: =IFERROR((SUMIFS(데이터!K:K,데이터!F:F,D92,데이터!$N:$N,$A$1))/F92,0) -> 48 | J92: =IFERROR($G92/$G$2,"") -> 0.00075709779 | L92: =IFERROR(SUMIFS(데이터!$G:$G,데이터!$F:$F,$D92,데이터!$N:$N,$A$1,데이터!$L:$L,L$1),"") -> 6 | M92: =IFERROR($L92/($L92+$N92),"") -> 1 | N92: =IFERROR(SUMIFS(데이터!$G:$G,데이터!$F:$F,$D92,데이터!$N:$N,$A$1,데이터!$L:$L,N$1),"") -> 0 | O92: =IFERROR($N92/($N92+$L92),"") -> 0
C93: 포토로그북 | D93: 포토로그북_198_198 기성 쿠션바인더 (뉴_포토로그북_198_198_르느와르화이트190_가변 쿠션바인더 / 198X198 | 바인더/내지 | 없음 | 50p) | E93: 포토로그북 (바인더) | F93: =COUNTIFS(데이터!F:F,D93,데이터!$N:$N,$A$1) -> 26 | G93: =SUMIFS(데이터!G:G,데이터!F:F,D93,데이터!$N:$N,$A$1) -> 61 | H93: =IFERROR(G93/F93,0) -> 2.3461538 | I93: =IFERROR((SUMIFS(데이터!K:K,데이터!F:F,D93,데이터!$N:$N,$A$1))/F93,0) -> 68.384615 | J93: =IFERROR($G93/$G$2,"") -> 0.0076971609 | K93: =SUM(G93:G94) -> 64 | L93: =IFERROR(SUMIFS(데이터!$G:$G,데이터!$F:$F,$D93,데이터!$N:$N,$A$1,데이터!$L:$L,L$1),"") -> 61 | M93: =IFERROR($L93/($L93+$N93),"") -> 1 | N93: =IFERROR(SUMIFS(데이터!$G:$G,데이터!$F:$F,$D93,데이터!$N:$N,$A$1,데이터!$L:$L,N$1),"") -> 0 | O93: =IFERROR($N93/($N93+$L93),"") -> 0
D94: 포토로그북_198_198 기성 쿠션바인더 (뉴_포토로그북_198_198_르느와르화이트190_(내지만) / 198X198 | 내지만(표지없음) | 없음 | 50p) | E94: 포토로그북 (내지) | F94: =COUNTIFS(데이터!F:F,D94,데이터!$N:$N,$A$1) -> 3 | G94: =SUMIFS(데이터!G:G,데이터!F:F,D94,데이터!$N:$N,$A$1) -> 3 | H94: =IFERROR(G94/F94,0) -> 1 | I94: =IFERROR((SUMIFS(데이터!K:K,데이터!F:F,D94,데이터!$N:$N,$A$1))/F94,0) -> 62 | J94: =IFERROR($G94/$G$2,"") -> 0.0003785489 | L94: =IFERROR(SUMIFS(데이터!$G:$G,데이터!$F:$F,$D94,데이터!$N:$N,$A$1,데이터!$L:$L,L$1),"") -> 3 | M94: =IFERROR($L94/($L94+$N94),"") -> 1 | N94: =IFERROR(SUMIFS(데이터!$G:$G,데이터!$F:$F,$D94,데이터!$N:$N,$A$1,데이터!$L:$L,N$1),"") -> 0 | O94: =IFERROR($N94/($N94+$L94),"") -> 0
C95: 프리북 198 | D95: 프리북_198_198_가변 소프트 (프리북198_198_198_가변 소프트 / 198X198 | 소프트커버 | 없음 | 66p) | E95: 프리북 198 (소프트) | F95: =COUNTIFS(데이터!F:F,D95,데이터!$N:$N,$A$1) -> 22 | G95: =SUMIFS(데이터!G:G,데이터!F:F,D95,데이터!$N:$N,$A$1) -> 24 | H95: =IFERROR(G95/F95,0) -> 1.0909091 | I95: =IFERROR((SUMIFS(데이터!K:K,데이터!F:F,D95,데이터!$N:$N,$A$1))/F95,0) -> 76.636364 | J95: =IFERROR($G95/$G$2,"") -> 0.0030283912 | K95: =SUM(G95:G96) -> 80 | L95: =IFERROR(SUMIFS(데이터!$G:$G,데이터!$F:$F,$D95,데이터!$N:$N,$A$1,데이터!$L:$L,L$1),"") -> 24 | M95: =IFERROR($L95/($L95+$N95),"") -> 1 | N95: =IFERROR(SUMIFS(데이터!$G:$G,데이터!$F:$F,$D95,데이터!$N:$N,$A$1,데이터!$L:$L,N$1),"") -> 0 | O95: =IFERROR($N95/($N95+$L95),"") -> 0
D96: 프리북_198_198_가변 하드 (프리북198_198_198_가변 하드 / 198X198 | 하드커버 | 없음 | 66p) | E96: 프리북 198 (하드) | F96: =COUNTIFS(데이터!F:F,D96,데이터!$N:$N,$A$1) -> 36 | G96: =SUMIFS(데이터!G:G,데이터!F:F,D96,데이터!$N:$N,$A$1) -> 56 | H96: =IFERROR(G96/F96,0) -> 1.5555556 | I96: =IFERROR((SUMIFS(데이터!K:K,데이터!F:F,D96,데이터!$N:$N,$A$1))/F96,0) -> 89.611111 | J96: =IFERROR($G96/$G$2,"") -> 0.0070662461 | L96: =IFERROR(SUMIFS(데이터!$G:$G,데이터!$F:$F,$D96,데이터!$N:$N,$A$1,데이터!$L:$L,L$1),"") -> 56 | M96: =IFERROR($L96/($L96+$N96),"") -> 1 | N96: =IFERROR(SUMIFS(데이터!$G:$G,데이터!$F:$F,$D96,데이터!$N:$N,$A$1,데이터!$L:$L,N$1),"") -> 0 | O96: =IFERROR($N96/($N96+$L96),"") -> 0
C97: 프리북 와이드 | D97: 프리북와이드_251_186_가변 소프트 (프리북와이드_251_186_가변 소프트 / 251X186 | 소프트커버 | 없음 | 38p) | E97: 프리북와이드 (소프트) | F97: =COUNTIFS(데이터!F:F,D97,데이터!$N:$N,$A$1) -> 10 | G97: =SUMIFS(데이터!G:G,데이터!F:F,D97,데이터!$N:$N,$A$1) -> 20 | H97: =IFERROR(G97/F97,0) -> 2 | I97: =IFERROR((SUMIFS(데이터!K:K,데이터!F:F,D97,데이터!$N:$N,$A$1))/F97,0) -> 64.8 | J97: =IFERROR($G97/$G$2,"") -> 0.0025236593 | K97: =SUM(G97:G98) -> 67 | L97: =IFERROR(SUMIFS(데이터!$G:$G,데이터!$F:$F,$D97,데이터!$N:$N,$A$1,데이터!$L:$L,L$1),"") -> 20 | M97: =IFERROR($L97/($L97+$N97),"") -> 1 | N97: =IFERROR(SUMIFS(데이터!$G:$G,데이터!$F:$F,$D97,데이터!$N:$N,$A$1,데이터!$L:$L,N$1),"") -> 0 | O97: =IFERROR($N97/($N97+$L97),"") -> 0
D98: 프리북와이드_251_186_가변하드 (프리북와이드_251_186_가변 하드커버 / 251X186 | 하드커버 | 없음 | 38p) | E98: 프리북와이드 (하드) | F98: =COUNTIFS(데이터!F:F,D98,데이터!$N:$N,$A$1) -> 37 | G98: =SUMIFS(데이터!G:G,데이터!F:F,D98,데이터!$N:$N,$A$1) -> 47 | H98: =IFERROR(G98/F98,0) -> 1.2702703 | I98: =IFERROR((SUMIFS(데이터!K:K,데이터!F:F,D98,데이터!$N:$N,$A$1))/F98,0) -> 64.27027 | J98: =IFERROR($G98/$G$2,"") -> 0.0059305994 | L98: =IFERROR(SUMIFS(데이터!$G:$G,데이터!$F:$F,$D98,데이터!$N:$N,$A$1,데이터!$L:$L,L$1),"") -> 47 | M98: =IFERROR($L98/($L98+$N98),"") -> 1 | N98: =IFERROR(SUMIFS(데이터!$G:$G,데이터!$F:$F,$D98,데이터!$N:$N,$A$1,데이터!$L:$L,N$1),"") -> 0 | O98: =IFERROR($N98/($N98+$L98),"") -> 0
C99: 프리북A4 | D99: 프리북A4_197_278_가변 하드 (프리북A4_197_278_가변 하드 / 197X278 | 하드커버 | 없음 | 66p) | E99: 프리북A4 (하드) | F99: =COUNTIFS(데이터!F:F,D99,데이터!$N:$N,$A$1) -> 85 | G99: =SUMIFS(데이터!G:G,데이터!F:F,D99,데이터!$N:$N,$A$1) -> 130 | H99: =IFERROR(G99/F99,0) -> 1.5294118 | I99: =IFERROR((SUMIFS(데이터!K:K,데이터!F:F,D99,데이터!$N:$N,$A$1))/F99,0) -> 86.941176 | J99: =IFERROR($G99/$G$2,"") -> 0.016403785 | K99: =SUM(G99:G100) -> 180 | L99: =IFERROR(SUMIFS(데이터!$G:$G,데이터!$F:$F,$D99,데이터!$N:$N,$A$1,데이터!$L:$L,L$1),"") -> 130 | M99: =IFERROR($L99/($L99+$N99),"") -> 1 | N99: =IFERROR(SUMIFS(데이터!$G:$G,데이터!$F:$F,$D99,데이터!$N:$N,$A$1,데이터!$L:$L,N$1),"") -> 0 | O99: =IFERROR($N99/($N99+$L99),"") -> 0
D100: 프리북A4_197_278_가변 소프트 (프리북A4_197_278_가변 소프트 / 197X278 | 소프트커버 | 없음 | 66p) | E100: 프리북A4 (소프트) | F100: =COUNTIFS(데이터!F:F,D100,데이터!$N:$N,$A$1) -> 38 | G100: =SUMIFS(데이터!G:G,데이터!F:F,D100,데이터!$N:$N,$A$1) -> 50 | H100: =IFERROR(G100/F100,0) -> 1.3157895 | I100: =IFERROR((SUMIFS(데이터!K:K,데이터!F:F,D100,데이터!$N:$N,$A$1))/F100,0) -> 83.684211 | J100: =IFERROR($G100/$G$2,"") -> 0.0063091483 | L100: =IFERROR(SUMIFS(데이터!$G:$G,데이터!$F:$F,$D100,데이터!$N:$N,$A$1,데이터!$L:$L,L$1),"") -> 50 | M100: =IFERROR($L100/($L100+$N100),"") -> 1 | N100: =IFERROR(SUMIFS(데이터!$G:$G,데이터!$F:$F,$D100,데이터!$N:$N,$A$1,데이터!$L:$L,N$1),"") -> 0 | O100: =IFERROR($N100/($N100+$L100),"") -> 0
...

Sheet 월간집계
A1: 2026 | B1: 5 | C1: 판매상품명 | D1: 상품명 | E1: 상품명 | F1: 건수 | G1: 부수 | H1: 평균부수 | I1: 평균페이지 | J1: 비율 | K1: 소계 | L1: PC | N1: MO | Q1: 구분 | R1: 주문건수 | S1: 주문부수 | T1: 비율 | U1: PC | W1: MO
F2: =SUM(F3:F1179) -> 644 | G2: =SUM(G3:G1179) -> 1021 | H2: =IFERROR(G2/F2,"") -> 1.5854037 | L2: =SUM(L3:L1179) -> 922 | M2: =IFERROR($L2/($L2+$N2),"") -> 0.90303624 | N2: =SUM(N3:N1179) -> 99 | O2: =IFERROR($N2/($N2+$L2),"") -> 0.096963761 | Q2: =COUNTA(Q3:Q1179) -> 18 | R2: =SUM(R3:R1179) -> 644 | S2: =SUM(S3:S1179) -> 1021 | U2: =SUM(U3:U1179) -> 922 | V2: =IFERROR(U2/($U2+$W2),"") -> 0.90303624 | W2: =SUM(W3:W1179) -> 99 | X2: =IFERROR(W2/($U2+$W2),"") -> 0.096963761
A3: 포토북 | B3: 스탠다드 | C3: 150*210 | D3: =연간집계!D3 -> PCMS_150_210 (PCMS_150_210_소프트커버_무광 / 150x210 | 소프트커버무광 | 없음 | 22p) | E3: =연간집계!E3 -> 스탠다드 포토북 6*8 (소프트/무광) | F3: =COUNTIFS(데이터!F:F,D3,데이터!$N:$N,$A$1,데이터!$O:$O,$B$1) -> 8 | G3: =SUMIFS(데이터!G:G,데이터!F:F,D3,데이터!$N:$N,$A$1,데이터!$O:$O,$B$1) -> 13 | H3: =IFERROR(G3/F3,0) -> 1.625 | I3: =IFERROR((SUMIFS(데이터!K:K,데이터!F:F,D3,데이터!$N:$N,$A$1,데이터!$O:$O,$B$1))/F3,0) -> 36.5 | J3: =IFERROR($G3/$G$2,"") -> 0.012732615 | K3: =SUM(G3:G6) -> 158 | L3: =IFERROR(SUMIFS(데이터!$G:$G,데이터!$F:$F,$D3,데이터!$N:$N,$A$1,데이터!$O:$O,$B$1,데이터!$L:$L,L$1),"") -> 13 | M3: =IFERROR($L3/($L3+$N3),"") -> 1 | N3: =IFERROR(SUMIFS(데이터!$G:$G,데이터!$F:$F,$D3,데이터!$N:$N,$A$1,데이터!$O:$O,$B$1,데이터!$L:$L,N$1),"") -> 0 | O3: =IFERROR($N3/($N3+$L3),"") -> 0 | Q3: =IFERROR(__xludf.DUMMYFUNCTION("iferror(SORT( UNIQUE( FILTER( '데이터'!$M:$M, '데이터'!$N:$N = $A$1, '데이터'!$O:$O = $B$1, '데이터'!$M:$M <> """" ) ), 1, TRUE ),""-"")"),"01.여행 : 개인/가족") -> 01.여행 : 개인/가족 | R3: =IFERROR(COUNTIFS(데이터!$N:$N,$A$1,데이터!$O:$O,$B$1,데이터!$M:$M,$Q3),"") -> 304 | S3: =IFERROR(SUMIFS(데이터!$G:$G,데이터!$N:$N,$A$1,데이터!$O:$O,$B$1,데이터!$M:$M,$Q3),"") -> 396 | T3: =IFERROR(S3/(SUM($S$3:$S1179)),"") -> 0.38785504 | U3: =SUMIFS(데이터!$G:$G,데이터!$N:$N,$A$1,데이터!$O:$O,$B$1,데이터!$M:$M,$Q3,데이터!$L:$L,$U$1) -> 349 | V3: =IFERROR(U3/($U3+$W3),"") -> 0.88131313 | W3: =SUMIFS(데이터!$G:$G,데이터!$N:$N,$A$1,데이터!$O:$O,$B$1,데이터!$M:$M,$Q3,데이터!$L:$L,$W$1) -> 47 | X3: =IFERROR(W3/($U3+$W3),"") -> 0.11868687
D4: =연간집계!D4 -> PCMS_150_210 (PCMS_150_210_소프트커버_유광 / 150x210 | 소프트커버유광 | 없음 | 22p) | E4: =연간집계!E4 -> 스탠다드 포토북 6*8 (소프트/유광) | F4: =COUNTIFS(데이터!F:F,D4,데이터!$N:$N,$A$1,데이터!$O:$O,$B$1) -> 1 | G4: =SUMIFS(데이터!G:G,데이터!F:F,D4,데이터!$N:$N,$A$1,데이터!$O:$O,$B$1) -> 1 | H4: =IFERROR(G4/F4,0) -> 1 | I4: =IFERROR((SUMIFS(데이터!K:K,데이터!F:F,D4,데이터!$N:$N,$A$1,데이터!$O:$O,$B$1))/F4,0) -> 28 | J4: =IFERROR($G4/$G$2,"") -> 0.00097943193 | L4: =IFERROR(SUMIFS(데이터!$G:$G,데이터!$F:$F,$D4,데이터!$N:$N,$A$1,데이터!$O:$O,$B$1,데이터!$L:$L,L$1),"") -> 1 | M4: =IFERROR($L4/($L4+$N4),"") -> 1 | N4: =IFERROR(SUMIFS(데이터!$G:$G,데이터!$F:$F,$D4,데이터!$N:$N,$A$1,데이터!$O:$O,$B$1,데이터!$L:$L,N$1),"") -> 0 | O4: =IFERROR($N4/($N4+$L4),"") -> 0 | Q4: =IFERROR(__xludf.DUMMYFUNCTION("""COMPUTED_VALUE"""),"01.여행 : 단체/모임/친구") -> 01.여행 : 단체/모임/친구 | R4: =IFERROR(COUNTIFS(데이터!$N:$N,$A$1,데이터!$O:$O,$B$1,데이터!$M:$M,$Q4),"") -> 58 | S4: =IFERROR(SUMIFS(데이터!$G:$G,데이터!$N:$N,$A$1,데이터!$O:$O,$B$1,데이터!$M:$M,$Q4),"") -> 141 | T4: =IFERROR(S4/(SUM($S$3:$S1180)),"") -> 0.1380999 | U4: =SUMIFS(데이터!$G:$G,데이터!$N:$N,$A$1,데이터!$O:$O,$B$1,데이터!$M:$M,$Q4,데이터!$L:$L,$U$1) -> 132 | V4: =IFERROR(U4/($U4+$W4),"") -> 0.93617021 | W4: =SUMIFS(데이터!$G:$G,데이터!$N:$N,$A$1,데이터!$O:$O,$B$1,데이터!$M:$M,$Q4,데이터!$L:$L,$W$1) -> 9 | X4: =IFERROR(W4/($U4+$W4),"") -> 0.063829787
D5: =연간집계!D5 -> PCMS_150_210 (PCMS_150_210_하드커버_무광 / 150x210 | 하드커버무광 | 없음 | 22p) | E5: =연간집계!E5 -> 스탠다드 포토북 6*8 (하드/무광) | F5: =COUNTIFS(데이터!F:F,D5,데이터!$N:$N,$A$1,데이터!$O:$O,$B$1) -> 92 | G5: =SUMIFS(데이터!G:G,데이터!F:F,D5,데이터!$N:$N,$A$1,데이터!$O:$O,$B$1) -> 131 | H5: =IFERROR(G5/F5,0) -> 1.423913 | I5: =IFERROR((SUMIFS(데이터!K:K,데이터!F:F,D5,데이터!$N:$N,$A$1,데이터!$O:$O,$B$1))/F5,0) -> 40.173913 | J5: =IFERROR($G5/$G$2,"") -> 0.12830558 | L5: =IFERROR(SUMIFS(데이터!$G:$G,데이터!$F:$F,$D5,데이터!$N:$N,$A$1,데이터!$O:$O,$B$1,데이터!$L:$L,L$1),"") -> 131 | M5: =IFERROR($L5/($L5+$N5),"") -> 1 | N5: =IFERROR(SUMIFS(데이터!$G:$G,데이터!$F:$F,$D5,데이터!$N:$N,$A$1,데이터!$O:$O,$B$1,데이터!$L:$L,N$1),"") -> 0 | O5: =IFERROR($N5/($N5+$L5),"") -> 0 | Q5: =IFERROR(__xludf.DUMMYFUNCTION("""COMPUTED_VALUE"""),"01.여행 : 커플") -> 01.여행 : 커플 | R5: =IFERROR(COUNTIFS(데이터!$N:$N,$A$1,데이터!$O:$O,$B$1,데이터!$M:$M,$Q5),"") -> 17 | S5: =IFERROR(SUMIFS(데이터!$G:$G,데이터!$N:$N,$A$1,데이터!$O:$O,$B$1,데이터!$M:$M,$Q5),"") -> 18 | T5: =IFERROR(S5/(SUM($S$3:$S1181)),"") -> 0.017629775 | U5: =SUMIFS(데이터!$G:$G,데이터!$N:$N,$A$1,데이터!$O:$O,$B$1,데이터!$M:$M,$Q5,데이터!$L:$L,$U$1) -> 17 | V5: =IFERROR(U5/($U5+$W5),"") -> 0.94444444 | W5: =SUMIFS(데이터!$G:$G,데이터!$N:$N,$A$1,데이터!$O:$O,$B$1,데이터!$M:$M,$Q5,데이터!$L:$L,$W$1) -> 1 | X5: =IFERROR(W5/($U5+$W5),"") -> 0.055555556
D6: =연간집계!D6 -> PCMS_150_210 (PCMS_150_210_하드커버_유광 / 150x210 | 하드커버유광 | 없음 | 22p) | E6: =연간집계!E6 -> 스탠다드 포토북 6*8 (하드/유광) | F6: =COUNTIFS(데이터!F:F,D6,데이터!$N:$N,$A$1,데이터!$O:$O,$B$1) -> 8 | G6: =SUMIFS(데이터!G:G,데이터!F:F,D6,데이터!$N:$N,$A$1,데이터!$O:$O,$B$1) -> 13 | H6: =IFERROR(G6/F6,0) -> 1.625 | I6: =IFERROR((SUMIFS(데이터!K:K,데이터!F:F,D6,데이터!$N:$N,$A$1,데이터!$O:$O,$B$1))/F6,0) -> 43.25 | J6: =IFERROR($G6/$G$2,"") -> 0.012732615 | L6: =IFERROR(SUMIFS(데이터!$G:$G,데이터!$F:$F,$D6,데이터!$N:$N,$A$1,데이터!$O:$O,$B$1,데이터!$L:$L,L$1),"") -> 13 | M6: =IFERROR($L6/($L6+$N6),"") -> 1 | N6: =IFERROR(SUMIFS(데이터!$G:$G,데이터!$F:$F,$D6,데이터!$N:$N,$A$1,데이터!$O:$O,$B$1,데이터!$L:$L,N$1),"") -> 0 | O6: =IFERROR($N6/($N6+$L6),"") -> 0 | Q6: =IFERROR(__xludf.DUMMYFUNCTION("""COMPUTED_VALUE"""),"02.일상 : 개인/가족") -> 02.일상 : 개인/가족 | R6: =IFERROR(COUNTIFS(데이터!$N:$N,$A$1,데이터!$O:$O,$B$1,데이터!$M:$M,$Q6),"") -> 18 | S6: =IFERROR(SUMIFS(데이터!$G:$G,데이터!$N:$N,$A$1,데이터!$O:$O,$B$1,데이터!$M:$M,$Q6),"") -> 22 | T6: =IFERROR(S6/(SUM($S$3:$S1182)),"") -> 0.021547502 | U6: =SUMIFS(데이터!$G:$G,데이터!$N:$N,$A$1,데이터!$O:$O,$B$1,데이터!$M:$M,$Q6,데이터!$L:$L,$U$1) -> 17 | V6: =IFERROR(U6/($U6+$W6),"") -> 0.77272727 | W6: =SUMIFS(데이터!$G:$G,데이터!$N:$N,$A$1,데이터!$O:$O,$B$1,데이터!$M:$M,$Q6,데이터!$L:$L,$W$1) -> 5 | X6: =IFERROR(W6/($U6+$W6),"") -> 0.22727273
C7: 197*278 | D7: =연간집계!D7 -> PCMS_197_278 (PCMS_197_278_소프트커버_무광 / 197x278 | 소프트커버무광 | 없음 | 22p) | E7: =연간집계!E7 -> 스탠다드 포토북 8*11 (소프트/무광) | F7: =COUNTIFS(데이터!F:F,D7,데이터!$N:$N,$A$1,데이터!$O:$O,$B$1) -> 11 | G7: =SUMIFS(데이터!G:G,데이터!F:F,D7,데이터!$N:$N,$A$1,데이터!$O:$O,$B$1) -> 17 | H7: =IFERROR(G7/F7,0) -> 1.5454545 | I7: =IFERROR((SUMIFS(데이터!K:K,데이터!F:F,D7,데이터!$N:$N,$A$1,데이터!$O:$O,$B$1))/F7,0) -> 39.090909 | J7: =IFERROR($G7/$G$2,"") -> 0.016650343 | K7: =SUM(G7:G10) -> 124 | L7: =IFERROR(SUMIFS(데이터!$G:$G,데이터!$F:$F,$D7,데이터!$N:$N,$A$1,데이터!$O:$O,$B$1,데이터!$L:$L,L$1),"") -> 17 | M7: =IFERROR($L7/($L7+$N7),"") -> 1 | N7: =IFERROR(SUMIFS(데이터!$G:$G,데이터!$F:$F,$D7,데이터!$N:$N,$A$1,데이터!$O:$O,$B$1,데이터!$L:$L,N$1),"") -> 0 | O7: =IFERROR($N7/($N7+$L7),"") -> 0 | Q7: =IFERROR(__xludf.DUMMYFUNCTION("""COMPUTED_VALUE"""),"02.일상 : 베이비/성장") -> 02.일상 : 베이비/성장 | R7: =IFERROR(COUNTIFS(데이터!$N:$N,$A$1,데이터!$O:$O,$B$1,데이터!$M:$M,$Q7),"") -> 86 | S7: =IFERROR(SUMIFS(데이터!$G:$G,데이터!$N:$N,$A$1,데이터!$O:$O,$B$1,데이터!$M:$M,$Q7),"") -> 100 | T7: =IFERROR(S7/(SUM($S$3:$S1183)),"") -> 0.097943193 | U7: =SUMIFS(데이터!$G:$G,데이터!$N:$N,$A$1,데이터!$O:$O,$B$1,데이터!$M:$M,$Q7,데이터!$L:$L,$U$1) -> 89 | V7: =IFERROR(U7/($U7+$W7),"") -> 0.89 | W7: =SUMIFS(데이터!$G:$G,데이터!$N:$N,$A$1,데이터!$O:$O,$B$1,데이터!$M:$M,$Q7,데이터!$L:$L,$W$1) -> 11 | X7: =IFERROR(W7/($U7+$W7),"") -> 0.11
D8: =연간집계!D8 -> PCMS_197_278 (PCMS_197_278_소프트커버_유광 / 197x278 | 소프트커버유광 | 없음 | 22p) | E8: =연간집계!E8 -> 스탠다드 포토북 8*11 (소프트/유광) | F8: =COUNTIFS(데이터!F:F,D8,데이터!$N:$N,$A$1,데이터!$O:$O,$B$1) -> 5 | G8: =SUMIFS(데이터!G:G,데이터!F:F,D8,데이터!$N:$N,$A$1,데이터!$O:$O,$B$1) -> 5 | H8: =IFERROR(G8/F8,0) -> 1 | I8: =IFERROR((SUMIFS(데이터!K:K,데이터!F:F,D8,데이터!$N:$N,$A$1,데이터!$O:$O,$B$1))/F8,0) -> 40 | J8: =IFERROR($G8/$G$2,"") -> 0.0048971596 | L8: =IFERROR(SUMIFS(데이터!$G:$G,데이터!$F:$F,$D8,데이터!$N:$N,$A$1,데이터!$O:$O,$B$1,데이터!$L:$L,L$1),"") -> 5 | M8: =IFERROR($L8/($L8+$N8),"") -> 1 | N8: =IFERROR(SUMIFS(데이터!$G:$G,데이터!$F:$F,$D8,데이터!$N:$N,$A$1,데이터!$O:$O,$B$1,데이터!$L:$L,N$1),"") -> 0 | O8: =IFERROR($N8/($N8+$L8),"") -> 0 | Q8: =IFERROR(__xludf.DUMMYFUNCTION("""COMPUTED_VALUE"""),"02.일상 : 커플") -> 02.일상 : 커플 | R8: =IFERROR(COUNTIFS(데이터!$N:$N,$A$1,데이터!$O:$O,$B$1,데이터!$M:$M,$Q8),"") -> 11 | S8: =IFERROR(SUMIFS(데이터!$G:$G,데이터!$N:$N,$A$1,데이터!$O:$O,$B$1,데이터!$M:$M,$Q8),"") -> 13 | T8: =IFERROR(S8/(SUM($S$3:$S1184)),"") -> 0.012732615 | U8: =SUMIFS(데이터!$G:$G,데이터!$N:$N,$A$1,데이터!$O:$O,$B$1,데이터!$M:$M,$Q8,데이터!$L:$L,$U$1) -> 8 | V8: =IFERROR(U8/($U8+$W8),"") -> 0.61538462 | W8: =SUMIFS(데이터!$G:$G,데이터!$N:$N,$A$1,데이터!$O:$O,$B$1,데이터!$M:$M,$Q8,데이터!$L:$L,$W$1) -> 5 | X8: =IFERROR(W8/($U8+$W8),"") -> 0.38461538
D9: =연간집계!D9 -> PCMS_197_278 (PCMS_197_278_하드커버_무광 / 197x278 | 하드커버무광 | 없음 | 22p) | E9: =연간집계!E9 -> 스탠다드 포토북 8*11 (하드/무광) | F9: =COUNTIFS(데이터!F:F,D9,데이터!$N:$N,$A$1,데이터!$O:$O,$B$1) -> 40 | G9: =SUMIFS(데이터!G:G,데이터!F:F,D9,데이터!$N:$N,$A$1,데이터!$O:$O,$B$1) -> 54 | H9: =IFERROR(G9/F9,0) -> 1.35 | I9: =IFERROR((SUMIFS(데이터!K:K,데이터!F:F,D9,데이터!$N:$N,$A$1,데이터!$O:$O,$B$1))/F9,0) -> 40.4 | J9: =IFERROR($G9/$G$2,"") -> 0.052889324 | L9: =IFERROR(SUMIFS(데이터!$G:$G,데이터!$F:$F,$D9,데이터!$N:$N,$A$1,데이터!$O:$O,$B$1,데이터!$L:$L,L$1),"") -> 54 | M9: =IFERROR($L9/($L9+$N9),"") -> 1 | N9: =IFERROR(SUMIFS(데이터!$G:$G,데이터!$F:$F,$D9,데이터!$N:$N,$A$1,데이터!$O:$O,$B$1,데이터!$L:$L,N$1),"") -> 0 | O9: =IFERROR($N9/($N9+$L9),"") -> 0 | Q9: =IFERROR(__xludf.DUMMYFUNCTION("""COMPUTED_VALUE"""),"03.행사/기념 : 개인/가족") -> 03.행사/기념 : 개인/가족 | R9: =IFERROR(COUNTIFS(데이터!$N:$N,$A$1,데이터!$O:$O,$B$1,데이터!$M:$M,$Q9),"") -> 41 | S9: =IFERROR(SUMIFS(데이터!$G:$G,데이터!$N:$N,$A$1,데이터!$O:$O,$B$1,데이터!$M:$M,$Q9),"") -> 64 | T9: =IFERROR(S9/(SUM($S$3:$S1185)),"") -> 0.062683643 | U9: =SUMIFS(데이터!$G:$G,데이터!$N:$N,$A$1,데이터!$O:$O,$B$1,데이터!$M:$M,$Q9,데이터!$L:$L,$U$1) -> 59 | V9: =IFERROR(U9/($U9+$W9),"") -> 0.921875 | W9: =SUMIFS(데이터!$G:$G,데이터!$N:$N,$A$1,데이터!$O:$O,$B$1,데이터!$M:$M,$Q9,데이터!$L:$L,$W$1) -> 5 | X9: =IFERROR(W9/($U9+$W9),"") -> 0.078125
D10: =연간집계!D10 -> PCMS_197_278 (PCMS_197_278_하드커버_유광 / 197x278 | 하드커버유광 | 없음 | 22p) | E10: =연간집계!E10 -> 스탠다드 포토북 8*11 (하드/유광) | F10: =COUNTIFS(데이터!F:F,D10,데이터!$N:$N,$A$1,데이터!$O:$O,$B$1) -> 24 | G10: =SUMIFS(데이터!G:G,데이터!F:F,D10,데이터!$N:$N,$A$1,데이터!$O:$O,$B$1) -> 48 | H10: =IFERROR(G10/F10,0) -> 2 | I10: =IFERROR((SUMIFS(데이터!K:K,데이터!F:F,D10,데이터!$N:$N,$A$1,데이터!$O:$O,$B$1))/F10,0) -> 40.083333 | J10: =IFERROR($G10/$G$2,"") -> 0.047012733 | L10: =IFERROR(SUMIFS(데이터!$G:$G,데이터!$F:$F,$D10,데이터!$N:$N,$A$1,데이터!$O:$O,$B$1,데이터!$L:$L,L$1),"") -> 48 | M10: =IFERROR($L10/($L10+$N10),"") -> 1 | N10: =IFERROR(SUMIFS(데이터!$G:$G,데이터!$F:$F,$D10,데이터!$N:$N,$A$1,데이터!$O:$O,$B$1,데이터!$L:$L,N$1),"") -> 0 | O10: =IFERROR($N10/($N10+$L10),"") -> 0 | Q10: =IFERROR(__xludf.DUMMYFUNCTION("""COMPUTED_VALUE"""),"03.행사/기념 : 기업/기관/단체") -> 03.행사/기념 : 기업/기관/단체 | R10: =IFERROR(COUNTIFS(데이터!$N:$N,$A$1,데이터!$O:$O,$B$1,데이터!$M:$M,$Q10),"") -> 19 | S10: =IFERROR(SUMIFS(데이터!$G:$G,데이터!$N:$N,$A$1,데이터!$O:$O,$B$1,데이터!$M:$M,$Q10),"") -> 65 | T10: =IFERROR(S10/(SUM($S$3:$S1186)),"") -> 0.063663075 | U10: =SUMIFS(데이터!$G:$G,데이터!$N:$N,$A$1,데이터!$O:$O,$B$1,데이터!$M:$M,$Q10,데이터!$L:$L,$U$1) -> 65 | V10: =IFERROR(U10/($U10+$W10),"") -> 1 | W10: =SUMIFS(데이터!$G:$G,데이터!$N:$N,$A$1,데이터!$O:$O,$B$1,데이터!$M:$M,$Q10,데이터!$L:$L,$W$1) -> 0 | X10: =IFERROR(W10/($U10+$W10),"") -> 0
C11: 198*198 | D11: =연간집계!D11 -> PCMS_198_198 (PCMS_198_198_소프트커버_무광 / 198x198 | 소프트커버무광 | 없음 | 22p) | E11: =연간집계!E11 -> 스탠다드 포토북 8*8 (소프트/무광) | F11: =COUNTIFS(데이터!F:F,D11,데이터!$N:$N,$A$1,데이터!$O:$O,$B$1) -> 8 | G11: =SUMIFS(데이터!G:G,데이터!F:F,D11,데이터!$N:$N,$A$1,데이터!$O:$O,$B$1) -> 22 | H11: =IFERROR(G11/F11,0) -> 2.75 | I11: =IFERROR((SUMIFS(데이터!K:K,데이터!F:F,D11,데이터!$N:$N,$A$1,데이터!$O:$O,$B$1))/F11,0) -> 42.25 | J11: =IFERROR($G11/$G$2,"") -> 0.021547502 | K11: =SUM(G11:G14) -> 72 | L11: =IFERROR(SUMIFS(데이터!$G:$G,데이터!$F:$F,$D11,데이터!$N:$N,$A$1,데이터!$O:$O,$B$1,데이터!$L:$L,L$1),"") -> 22 | M11: =IFERROR($L11/($L11+$N11),"") -> 1 | N11: =IFERROR(SUMIFS(데이터!$G:$G,데이터!$F:$F,$D11,데이터!$N:$N,$A$1,데이터!$O:$O,$B$1,데이터!$L:$L,N$1),"") -> 0 | O11: =IFERROR($N11/($N11+$L11),"") -> 0 | Q11: =IFERROR(__xludf.DUMMYFUNCTION("""COMPUTED_VALUE"""),"03.행사/기념 : 베이비") -> 03.행사/기념 : 베이비 | R11: =IFERROR(COUNTIFS(데이터!$N:$N,$A$1,데이터!$O:$O,$B$1,데이터!$M:$M,$Q11),"") -> 10 | S11: =IFERROR(SUMIFS(데이터!$G:$G,데이터!$N:$N,$A$1,데이터!$O:$O,$B$1,데이터!$M:$M,$Q11),"") -> 11 | T11: =IFERROR(S11/(SUM($S$3:$S1187)),"") -> 0.010773751 | U11: =SUMIFS(데이터!$G:$G,데이터!$N:$N,$A$1,데이터!$O:$O,$B$1,데이터!$M:$M,$Q11,데이터!$L:$L,$U$1) -> 5 | V11: =IFERROR(U11/($U11+$W11),"") -> 0.45454545 | W11: =SUMIFS(데이터!$G:$G,데이터!$N:$N,$A$1,데이터!$O:$O,$B$1,데이터!$M:$M,$Q11,데이터!$L:$L,$W$1) -> 6 | X11: =IFERROR(W11/($U11+$W11),"") -> 0.54545455
D12: =연간집계!D12 -> PCMS_198_198 (PCMS_198_198_소프트커버_유광 / 198x198 | 소프트커버유광 | 없음 | 22p) | E12: =연간집계!E12 -> 스탠다드 포토북 8*8 (소프트/유광) | F12: =COUNTIFS(데이터!F:F,D12,데이터!$N:$N,$A$1,데이터!$O:$O,$B$1) -> 2 | G12: =SUMIFS(데이터!G:G,데이터!F:F,D12,데이터!$N:$N,$A$1,데이터!$O:$O,$B$1) -> 2 | H12: =IFERROR(G12/F12,0) -> 1 | I12: =IFERROR((SUMIFS(데이터!K:K,데이터!F:F,D12,데이터!$N:$N,$A$1,데이터!$O:$O,$B$1))/F12,0) -> 52 | J12: =IFERROR($G12/$G$2,"") -> 0.0019588639 | L12: =IFERROR(SUMIFS(데이터!$G:$G,데이터!$F:$F,$D12,데이터!$N:$N,$A$1,데이터!$O:$O,$B$1,데이터!$L:$L,L$1),"") -> 2 | M12: =IFERROR($L12/($L12+$N12),"") -> 1 | N12: =IFERROR(SUMIFS(데이터!$G:$G,데이터!$F:$F,$D12,데이터!$N:$N,$A$1,데이터!$O:$O,$B$1,데이터!$L:$L,N$1),"") -> 0 | O12: =IFERROR($N12/($N12+$L12),"") -> 0 | Q12: =IFERROR(__xludf.DUMMYFUNCTION("""COMPUTED_VALUE"""),"03.행사/기념 : 웨딩") -> 03.행사/기념 : 웨딩 | R12: =IFERROR(COUNTIFS(데이터!$N:$N,$A$1,데이터!$O:$O,$B$1,데이터!$M:$M,$Q12),"") -> 27 | S12: =IFERROR(SUMIFS(데이터!$G:$G,데이터!$N:$N,$A$1,데이터!$O:$O,$B$1,데이터!$M:$M,$Q12),"") -> 27 | T12: =IFERROR(S12/(SUM($S$3:$S1188)),"") -> 0.026444662 | U12: =SUMIFS(데이터!$G:$G,데이터!$N:$N,$A$1,데이터!$O:$O,$B$1,데이터!$M:$M,$Q12,데이터!$L:$L,$U$1) -> 27 | V12: =IFERROR(U12/($U12+$W12),"") -> 1 | W12: =SUMIFS(데이터!$G:$G,데이터!$N:$N,$A$1,데이터!$O:$O,$B$1,데이터!$M:$M,$Q12,데이터!$L:$L,$W$1) -> 0 | X12: =IFERROR(W12/($U12+$W12),"") -> 0
D13: =연간집계!D13 -> PCMS_198_198 (PCMS_198_198_하드커버_무광 / 198x198 | 하드커버무광 | 없음 | 22p) | E13: =연간집계!E13 -> 스탠다드 포토북 8*8 (하드/무광) | F13: =COUNTIFS(데이터!F:F,D13,데이터!$N:$N,$A$1,데이터!$O:$O,$B$1) -> 27 | G13: =SUMIFS(데이터!G:G,데이터!F:F,D13,데이터!$N:$N,$A$1,데이터!$O:$O,$B$1) -> 40 | H13: =IFERROR(G13/F13,0) -> 1.4814815 | I13: =IFERROR((SUMIFS(데이터!K:K,데이터!F:F,D13,데이터!$N:$N,$A$1,데이터!$O:$O,$B$1))/F13,0) -> 40.814815 | J13: =IFERROR($G13/$G$2,"") -> 0.039177277 | L13: =IFERROR(SUMIFS(데이터!$G:$G,데이터!$F:$F,$D13,데이터!$N:$N,$A$1,데이터!$O:$O,$B$1,데이터!$L:$L,L$1),"") -> 40 | M13: =IFERROR($L13/($L13+$N13),"") -> 1 | N13: =IFERROR(SUMIFS(데이터!$G:$G,데이터!$F:$F,$D13,데이터!$N:$N,$A$1,데이터!$O:$O,$B$1,데이터!$L:$L,N$1),"") -> 0 | O13: =IFERROR($N13/($N13+$L13),"") -> 0 | Q13: =IFERROR(__xludf.DUMMYFUNCTION("""COMPUTED_VALUE"""),"04.작품 : 개인") -> 04.작품 : 개인 | R13: =IFERROR(COUNTIFS(데이터!$N:$N,$A$1,데이터!$O:$O,$B$1,데이터!$M:$M,$Q13),"") -> 6 | S13: =IFERROR(SUMIFS(데이터!$G:$G,데이터!$N:$N,$A$1,데이터!$O:$O,$B$1,데이터!$M:$M,$Q13),"") -> 17 | T13: =IFERROR(S13/(SUM($S$3:$S1189)),"") -> 0.016650343 | U13: =SUMIFS(데이터!$G:$G,데이터!$N:$N,$A$1,데이터!$O:$O,$B$1,데이터!$M:$M,$Q13,데이터!$L:$L,$U$1) -> 17 | V13: =IFERROR(U13/($U13+$W13),"") -> 1 | W13: =SUMIFS(데이터!$G:$G,데이터!$N:$N,$A$1,데이터!$O:$O,$B$1,데이터!$M:$M,$Q13,데이터!$L:$L,$W$1) -> 0 | X13: =IFERROR(W13/($U13+$W13),"") -> 0
D14: =연간집계!D14 -> PCMS_198_198 (PCMS_198_198_하드커버_유광 / 198x198 | 하드커버유광 | 없음 | 22p) | E14: =연간집계!E14 -> 스탠다드 포토북 8*8 (하드/유광) | F14: =COUNTIFS(데이터!F:F,D14,데이터!$N:$N,$A$1,데이터!$O:$O,$B$1) -> 7 | G14: =SUMIFS(데이터!G:G,데이터!F:F,D14,데이터!$N:$N,$A$1,데이터!$O:$O,$B$1) -> 8 | H14: =IFERROR(G14/F14,0) -> 1.1428571 | I14: =IFERROR((SUMIFS(데이터!K:K,데이터!F:F,D14,데이터!$N:$N,$A$1,데이터!$O:$O,$B$1))/F14,0) -> 38.571429 | J14: =IFERROR($G14/$G$2,"") -> 0.0078354554 | L14: =IFERROR(SUMIFS(데이터!$G:$G,데이터!$F:$F,$D14,데이터!$N:$N,$A$1,데이터!$O:$O,$B$1,데이터!$L:$L,L$1),"") -> 8 | M14: =IFERROR($L14/($L14+$N14),"") -> 1 | N14: =IFERROR(SUMIFS(데이터!$G:$G,데이터!$F:$F,$D14,데이터!$N:$N,$A$1,데이터!$O:$O,$B$1,데이터!$L:$L,N$1),"") -> 0 | O14: =IFERROR($N14/($N14+$L14),"") -> 0 | Q14: =IFERROR(__xludf.DUMMYFUNCTION("""COMPUTED_VALUE"""),"04.작품 : 학교") -> 04.작품 : 학교 | R14: =IFERROR(COUNTIFS(데이터!$N:$N,$A$1,데이터!$O:$O,$B$1,데이터!$M:$M,$Q14),"") -> 1 | S14: =IFERROR(SUMIFS(데이터!$G:$G,데이터!$N:$N,$A$1,데이터!$O:$O,$B$1,데이터!$M:$M,$Q14),"") -> 2 | T14: =IFERROR(S14/(SUM($S$3:$S1190)),"") -> 0.0019588639 | U14: =SUMIFS(데이터!$G:$G,데이터!$N:$N,$A$1,데이터!$O:$O,$B$1,데이터!$M:$M,$Q14,데이터!$L:$L,$U$1) -> 2 | V14: =IFERROR(U14/($U14+$W14),"") -> 1 | W14: =SUMIFS(데이터!$G:$G,데이터!$N:$N,$A$1,데이터!$O:$O,$B$1,데이터!$M:$M,$Q14,데이터!$L:$L,$W$1) -> 0 | X14: =IFERROR(W14/($U14+$W14),"") -> 0
C15: 200*147 | D15: =연간집계!D15 -> PCMS_200_147 (PCMS_200_147_소프트커버_무광 / 200x147 | 소프트커버무광 | 없음 | 22p) | E15: =연간집계!E15 -> 스탠다드 포토북 8*6 (소프트/무광) | F15: =COUNTIFS(데이터!F:F,D15,데이터!$N:$N,$A$1,데이터!$O:$O,$B$1) -> 3 | G15: =SUMIFS(데이터!G:G,데이터!F:F,D15,데이터!$N:$N,$A$1,데이터!$O:$O,$B$1) -> 5 | H15: =IFERROR(G15/F15,0) -> 1.6666667 | I15: =IFERROR((SUMIFS(데이터!K:K,데이터!F:F,D15,데이터!$N:$N,$A$1,데이터!$O:$O,$B$1))/F15,0) -> 30.666667 | J15: =IFERROR($G15/$G$2,"") -> 0.0048971596 | K15: =SUM(G15:G18) -> 48 | L15: =IFERROR(SUMIFS(데이터!$G:$G,데이터!$F:$F,$D15,데이터!$N:$N,$A$1,데이터!$O:$O,$B$1,데이터!$L:$L,L$1),"") -> 5 | M15: =IFERROR($L15/($L15+$N15),"") -> 1 | N15: =IFERROR(SUMIFS(데이터!$G:$G,데이터!$F:$F,$D15,데이터!$N:$N,$A$1,데이터!$O:$O,$B$1,데이터!$L:$L,N$1),"") -> 0 | O15: =IFERROR($N15/($N15+$L15),"") -> 0 | Q15: =IFERROR(__xludf.DUMMYFUNCTION("""COMPUTED_VALUE"""),"05.활동집 : 학교") -> 05.활동집 : 학교 | R15: =IFERROR(COUNTIFS(데이터!$N:$N,$A$1,데이터!$O:$O,$B$1,데이터!$M:$M,$Q15),"") -> 4 | S15: =IFERROR(SUMIFS(데이터!$G:$G,데이터!$N:$N,$A$1,데이터!$O:$O,$B$1,데이터!$M:$M,$Q15),"") -> 4 | T15: =IFERROR(S15/(SUM($S$3:$S1191)),"") -> 0.0039177277 | U15: =SUMIFS(데이터!$G:$G,데이터!$N:$N,$A$1,데이터!$O:$O,$B$1,데이터!$M:$M,$Q15,데이터!$L:$L,$U$1) -> 4 | V15: =IFERROR(U15/($U15+$W15),"") -> 1 | W15: =SUMIFS(데이터!$G:$G,데이터!$N:$N,$A$1,데이터!$O:$O,$B$1,데이터!$M:$M,$Q15,데이터!$L:$L,$W$1) -> 0 | X15: =IFERROR(W15/($U15+$W15),"") -> 0
D16: =연간집계!D16 -> PCMS_200_147 (PCMS_200_147_소프트커버_유광 / 200x147 | 소프트커버유광 | 없음 | 22p) | E16: =연간집계!E16 -> 스탠다드 포토북 8*6 (소프트/유광) | F16: =COUNTIFS(데이터!F:F,D16,데이터!$N:$N,$A$1,데이터!$O:$O,$B$1) -> 0 | G16: =SUMIFS(데이터!G:G,데이터!F:F,D16,데이터!$N:$N,$A$1,데이터!$O:$O,$B$1) -> 0 | H16: =IFERROR(G16/F16,0) -> 0 | I16: =IFERROR((SUMIFS(데이터!K:K,데이터!F:F,D16,데이터!$N:$N,$A$1,데이터!$O:$O,$B$1))/F16,0) -> 0 | J16: =IFERROR($G16/$G$2,"") -> 0 | L16: =IFERROR(SUMIFS(데이터!$G:$G,데이터!$F:$F,$D16,데이터!$N:$N,$A$1,데이터!$O:$O,$B$1,데이터!$L:$L,L$1),"") -> 0 | M16: =IFERROR($L16/($L16+$N16),"") | N16: =IFERROR(SUMIFS(데이터!$G:$G,데이터!$F:$F,$D16,데이터!$N:$N,$A$1,데이터!$O:$O,$B$1,데이터!$L:$L,N$1),"") -> 0 | O16: =IFERROR($N16/($N16+$L16),"") | Q16: =IFERROR(__xludf.DUMMYFUNCTION("""COMPUTED_VALUE"""),"07.종교") -> 07.종교 | R16: =IFERROR(COUNTIFS(데이터!$N:$N,$A$1,데이터!$O:$O,$B$1,데이터!$M:$M,$Q16),"") -> 14 | S16: =IFERROR(SUMIFS(데이터!$G:$G,데이터!$N:$N,$A$1,데이터!$O:$O,$B$1,데이터!$M:$M,$Q16),"") -> 43 | T16: =IFERROR(S16/(SUM($S$3:$S1192)),"") -> 0.042115573 | U16: =SUMIFS(데이터!$G:$G,데이터!$N:$N,$A$1,데이터!$O:$O,$B$1,데이터!$M:$M,$Q16,데이터!$L:$L,$U$1) -> 37 | V16: =IFERROR(U16/($U16+$W16),"") -> 0.86046512 | W16: =SUMIFS(데이터!$G:$G,데이터!$N:$N,$A$1,데이터!$O:$O,$B$1,데이터!$M:$M,$Q16,데이터!$L:$L,$W$1) -> 6 | X16: =IFERROR(W16/($U16+$W16),"") -> 0.13953488
D17: =연간집계!D17 -> PCMS_200_147 (PCMS_200_147_하드커버_무광 / 200x147 | 하드커버무광 | 없음 | 22p) | E17: =연간집계!E17 -> 스탠다드 포토북 8*6 (하드/무광) | F17: =COUNTIFS(데이터!F:F,D17,데이터!$N:$N,$A$1,데이터!$O:$O,$B$1) -> 8 | G17: =SUMIFS(데이터!G:G,데이터!F:F,D17,데이터!$N:$N,$A$1,데이터!$O:$O,$B$1) -> 43 | H17: =IFERROR(G17/F17,0) -> 5.375 | I17: =IFERROR((SUMIFS(데이터!K:K,데이터!F:F,D17,데이터!$N:$N,$A$1,데이터!$O:$O,$B$1))/F17,0) -> 38.5 | J17: =IFERROR($G17/$G$2,"") -> 0.042115573 | L17: =IFERROR(SUMIFS(데이터!$G:$G,데이터!$F:$F,$D17,데이터!$N:$N,$A$1,데이터!$O:$O,$B$1,데이터!$L:$L,L$1),"") -> 43 | M17: =IFERROR($L17/($L17+$N17),"") -> 1 | N17: =IFERROR(SUMIFS(데이터!$G:$G,데이터!$F:$F,$D17,데이터!$N:$N,$A$1,데이터!$O:$O,$B$1,데이터!$L:$L,N$1),"") -> 0 | O17: =IFERROR($N17/($N17+$L17),"") -> 0 | Q17: =IFERROR(__xludf.DUMMYFUNCTION("""COMPUTED_VALUE"""),"09.반려") -> 09.반려 | R17: =IFERROR(COUNTIFS(데이터!$N:$N,$A$1,데이터!$O:$O,$B$1,데이터!$M:$M,$Q17),"") -> 6 | S17: =IFERROR(SUMIFS(데이터!$G:$G,데이터!$N:$N,$A$1,데이터!$O:$O,$B$1,데이터!$M:$M,$Q17),"") -> 76 | T17: =IFERROR(S17/(SUM($S$3:$S1193)),"") -> 0.074436827 | U17: =SUMIFS(데이터!$G:$G,데이터!$N:$N,$A$1,데이터!$O:$O,$B$1,데이터!$M:$M,$Q17,데이터!$L:$L,$U$1) -> 73 | V17: =IFERROR(U17/($U17+$W17),"") -> 0.96052632 | W17: =SUMIFS(데이터!$G:$G,데이터!$N:$N,$A$1,데이터!$O:$O,$B$1,데이터!$M:$M,$Q17,데이터!$L:$L,$W$1) -> 3 | X17: =IFERROR(W17/($U17+$W17),"") -> 0.039473684
D18: =연간집계!D18 -> PCMS_200_147 (PCMS_200_147_하드커버_유광 / 200x147 | 하드커버유광 | 없음 | 22p) | E18: =연간집계!E18 -> 스탠다드 포토북 8*6 (하드/유광) | F18: =COUNTIFS(데이터!F:F,D18,데이터!$N:$N,$A$1,데이터!$O:$O,$B$1) -> 0 | G18: =SUMIFS(데이터!G:G,데이터!F:F,D18,데이터!$N:$N,$A$1,데이터!$O:$O,$B$1) -> 0 | H18: =IFERROR(G18/F18,0) -> 0 | I18: =IFERROR((SUMIFS(데이터!K:K,데이터!F:F,D18,데이터!$N:$N,$A$1,데이터!$O:$O,$B$1))/F18,0) -> 0 | J18: =IFERROR($G18/$G$2,"") -> 0 | L18: =IFERROR(SUMIFS(데이터!$G:$G,데이터!$F:$F,$D18,데이터!$N:$N,$A$1,데이터!$O:$O,$B$1,데이터!$L:$L,L$1),"") -> 0 | M18: =IFERROR($L18/($L18+$N18),"") | N18: =IFERROR(SUMIFS(데이터!$G:$G,데이터!$F:$F,$D18,데이터!$N:$N,$A$1,데이터!$O:$O,$B$1,데이터!$L:$L,N$1),"") -> 0 | O18: =IFERROR($N18/($N18+$L18),"") | Q18: =IFERROR(__xludf.DUMMYFUNCTION("""COMPUTED_VALUE"""),"10.홍보 : 기업/기관/단체") -> 10.홍보 : 기업/기관/단체 | R18: =IFERROR(COUNTIFS(데이터!$N:$N,$A$1,데이터!$O:$O,$B$1,데이터!$M:$M,$Q18),"") -> 4 | S18: =IFERROR(SUMIFS(데이터!$G:$G,데이터!$N:$N,$A$1,데이터!$O:$O,$B$1,데이터!$M:$M,$Q18),"") -> 4 | T18: =IFERROR(S18/(SUM($S$3:$S1194)),"") -> 0.0039177277 | U18: =SUMIFS(데이터!$G:$G,데이터!$N:$N,$A$1,데이터!$O:$O,$B$1,데이터!$M:$M,$Q18,데이터!$L:$L,$U$1) -> 4 | V18: =IFERROR(U18/($U18+$W18),"") -> 1 | W18: =SUMIFS(데이터!$G:$G,데이터!$N:$N,$A$1,데이터!$O:$O,$B$1,데이터!$M:$M,$Q18,데이터!$L:$L,$W$1) -> 0 | X18: =IFERROR(W18/($U18+$W18),"") -> 0
C19: 270-*200 | D19: =연간집계!D19 -> PCMS_270_200 (PCMS_270_200_소프트커버_무광 / 270x200 | 소프트커버무광 | 없음 | 22p) | E19: =연간집계!E19 -> 스탠다드 포토북 11*8 (소프트/무광) | F19: =COUNTIFS(데이터!F:F,D19,데이터!$N:$N,$A$1,데이터!$O:$O,$B$1) -> 2 | G19: =SUMIFS(데이터!G:G,데이터!F:F,D19,데이터!$N:$N,$A$1,데이터!$O:$O,$B$1) -> 4 | H19: =IFERROR(G19/F19,0) -> 2 | I19: =IFERROR((SUMIFS(데이터!K:K,데이터!F:F,D19,데이터!$N:$N,$A$1,데이터!$O:$O,$B$1))/F19,0) -> 41 | J19: =IFERROR($G19/$G$2,"") -> 0.0039177277 | K19: =SUM(G19:G22) -> 68 | L19: =IFERROR(SUMIFS(데이터!$G:$G,데이터!$F:$F,$D19,데이터!$N:$N,$A$1,데이터!$O:$O,$B$1,데이터!$L:$L,L$1),"") -> 4 | M19: =IFERROR($L19/($L19+$N19),"") -> 1 | N19: =IFERROR(SUMIFS(데이터!$G:$G,데이터!$F:$F,$D19,데이터!$N:$N,$A$1,데이터!$O:$O,$B$1,데이터!$L:$L,N$1),"") -> 0 | O19: =IFERROR($N19/($N19+$L19),"") -> 0 | Q19: =IFERROR(__xludf.DUMMYFUNCTION("""COMPUTED_VALUE"""),"11.퇴임/취임") -> 11.퇴임/취임 | R19: =IFERROR(COUNTIFS(데이터!$N:$N,$A$1,데이터!$O:$O,$B$1,데이터!$M:$M,$Q19),"") -> 3 | S19: =IFERROR(SUMIFS(데이터!$G:$G,데이터!$N:$N,$A$1,데이터!$O:$O,$B$1,데이터!$M:$M,$Q19),"") -> 3 | T19: =IFERROR(S19/(SUM($S$3:$S1195)),"") -> 0.0029382958 | U19: =SUMIFS(데이터!$G:$G,데이터!$N:$N,$A$1,데이터!$O:$O,$B$1,데이터!$M:$M,$Q19,데이터!$L:$L,$U$1) -> 2 | V19: =IFERROR(U19/($U19+$W19),"") -> 0.66666667 | W19: =SUMIFS(데이터!$G:$G,데이터!$N:$N,$A$1,데이터!$O:$O,$B$1,데이터!$M:$M,$Q19,데이터!$L:$L,$W$1) -> 1 | X19: =IFERROR(W19/($U19+$W19),"") -> 0.33333333
D20: =연간집계!D20 -> PCMS_270_200 (PCMS_270_200_소프트커버_유광 / 270x200 | 소프트커버유광 | 없음 | 22p) | E20: =연간집계!E20 -> 스탠다드 포토북 11*8 (소프트/유광) | F20: =COUNTIFS(데이터!F:F,D20,데이터!$N:$N,$A$1,데이터!$O:$O,$B$1) -> 0 | G20: =SUMIFS(데이터!G:G,데이터!F:F,D20,데이터!$N:$N,$A$1,데이터!$O:$O,$B$1) -> 0 | H20: =IFERROR(G20/F20,0) -> 0 | I20: =IFERROR((SUMIFS(데이터!K:K,데이터!F:F,D20,데이터!$N:$N,$A$1,데이터!$O:$O,$B$1))/F20,0) -> 0 | J20: =IFERROR($G20/$G$2,"") -> 0 | L20: =IFERROR(SUMIFS(데이터!$G:$G,데이터!$F:$F,$D20,데이터!$N:$N,$A$1,데이터!$O:$O,$B$1,데이터!$L:$L,L$1),"") -> 0 | M20: =IFERROR($L20/($L20+$N20),"") | N20: =IFERROR(SUMIFS(데이터!$G:$G,데이터!$F:$F,$D20,데이터!$N:$N,$A$1,데이터!$O:$O,$B$1,데이터!$L:$L,N$1),"") -> 0 | O20: =IFERROR($N20/($N20+$L20),"") | Q20: =IFERROR(__xludf.DUMMYFUNCTION("""COMPUTED_VALUE"""),"12.증명사진") -> 12.증명사진 | R20: =IFERROR(COUNTIFS(데이터!$N:$N,$A$1,데이터!$O:$O,$B$1,데이터!$M:$M,$Q20),"") -> 15 | S20: =IFERROR(SUMIFS(데이터!$G:$G,데이터!$N:$N,$A$1,데이터!$O:$O,$B$1,데이터!$M:$M,$Q20),"") -> 15 | T20: =IFERROR(S20/(SUM($S$3:$S1196)),"") -> 0.014691479 | U20: =SUMIFS(데이터!$G:$G,데이터!$N:$N,$A$1,데이터!$O:$O,$B$1,데이터!$M:$M,$Q20,데이터!$L:$L,$U$1) -> 15 | V20: =IFERROR(U20/($U20+$W20),"") -> 1 | W20: =SUMIFS(데이터!$G:$G,데이터!$N:$N,$A$1,데이터!$O:$O,$B$1,데이터!$M:$M,$Q20,데이터!$L:$L,$W$1) -> 0 | X20: =IFERROR(W20/($U20+$W20),"") -> 0
D21: =연간집계!D21 -> PCMS_270_200 (PCMS_270_200_하드커버_무광 / 270x200 | 하드커버무광 | 없음 | 22p) | E21: =연간집계!E21 -> 스탠다드 포토북 11*8 (하드/무광) | F21: =COUNTIFS(데이터!F:F,D21,데이터!$N:$N,$A$1,데이터!$O:$O,$B$1) -> 13 | G21: =SUMIFS(데이터!G:G,데이터!F:F,D21,데이터!$N:$N,$A$1,데이터!$O:$O,$B$1) -> 60 | H21: =IFERROR(G21/F21,0) -> 4.6153846 | I21: =IFERROR((SUMIFS(데이터!K:K,데이터!F:F,D21,데이터!$N:$N,$A$1,데이터!$O:$O,$B$1))/F21,0) -> 32.153846 | J21: =IFERROR($G21/$G$2,"") -> 0.058765916 | L21: =IFERROR(SUMIFS(데이터!$G:$G,데이터!$F:$F,$D21,데이터!$N:$N,$A$1,데이터!$O:$O,$B$1,데이터!$L:$L,L$1),"") -> 60 | M21: =IFERROR($L21/($L21+$N21),"") -> 1 | N21: =IFERROR(SUMIFS(데이터!$G:$G,데이터!$F:$F,$D21,데이터!$N:$N,$A$1,데이터!$O:$O,$B$1,데이터!$L:$L,N$1),"") -> 0 | O21: =IFERROR($N21/($N21+$L21),"") -> 0 | R21: =IFERROR(COUNTIFS(데이터!$N:$N,$A$1,데이터!$O:$O,$B$1,데이터!$M:$M,$Q21),"") -> 0 | S21: =IFERROR(SUMIFS(데이터!$G:$G,데이터!$N:$N,$A$1,데이터!$O:$O,$B$1,데이터!$M:$M,$Q21),"") -> 0 | T21: =IFERROR(S21/(SUM($S$3:$S1197)),"") -> 0 | U21: =SUMIFS(데이터!$G:$G,데이터!$N:$N,$A$1,데이터!$O:$O,$B$1,데이터!$M:$M,$Q21,데이터!$L:$L,$U$1) -> 0 | V21: =IFERROR(U21/($U21+$W21),"") | W21: =SUMIFS(데이터!$G:$G,데이터!$N:$N,$A$1,데이터!$O:$O,$B$1,데이터!$M:$M,$Q21,데이터!$L:$L,$W$1) -> 0 | X21: =IFERROR(W21/($U21+$W21),"")
D22: =연간집계!D22 -> PCMS_270_200 (PCMS_270_200_하드커버_유광 / 270x200 | 하드커버유광 | 없음 | 22p) | E22: =연간집계!E22 -> 스탠다드 포토북 11*8 (하드/유광) | F22: =COUNTIFS(데이터!F:F,D22,데이터!$N:$N,$A$1,데이터!$O:$O,$B$1) -> 4 | G22: =SUMIFS(데이터!G:G,데이터!F:F,D22,데이터!$N:$N,$A$1,데이터!$O:$O,$B$1) -> 4 | H22: =IFERROR(G22/F22,0) -> 1 | I22: =IFERROR((SUMIFS(데이터!K:K,데이터!F:F,D22,데이터!$N:$N,$A$1,데이터!$O:$O,$B$1))/F22,0) -> 32.5 | J22: =IFERROR($G22/$G$2,"") -> 0.0039177277 | L22: =IFERROR(SUMIFS(데이터!$G:$G,데이터!$F:$F,$D22,데이터!$N:$N,$A$1,데이터!$O:$O,$B$1,데이터!$L:$L,L$1),"") -> 4 | M22: =IFERROR($L22/($L22+$N22),"") -> 1 | N22: =IFERROR(SUMIFS(데이터!$G:$G,데이터!$F:$F,$D22,데이터!$N:$N,$A$1,데이터!$O:$O,$B$1,데이터!$L:$L,N$1),"") -> 0 | O22: =IFERROR($N22/($N22+$L22),"") -> 0 | R22: =IFERROR(COUNTIFS(데이터!$N:$N,$A$1,데이터!$O:$O,$B$1,데이터!$M:$M,$Q22),"") -> 0 | S22: =IFERROR(SUMIFS(데이터!$G:$G,데이터!$N:$N,$A$1,데이터!$O:$O,$B$1,데이터!$M:$M,$Q22),"") -> 0 | T22: =IFERROR(S22/(SUM($S$3:$S1198)),"") -> 0 | U22: =SUMIFS(데이터!$G:$G,데이터!$N:$N,$A$1,데이터!$O:$O,$B$1,데이터!$M:$M,$Q22,데이터!$L:$L,$U$1) -> 0 | V22: =IFERROR(U22/($U22+$W22),"") | W22: =SUMIFS(데이터!$G:$G,데이터!$N:$N,$A$1,데이터!$O:$O,$B$1,데이터!$M:$M,$Q22,데이터!$L:$L,$W$1) -> 0 | X22: =IFERROR(W22/($U22+$W22),"")
B23: 유니크 | C23: 레코드북 | D23: =연간집계!D23 -> 레코드북 (레코드북_150_210_가변 하드커버+기성 소프트 자켓 커버_무광 / 150X210 | 하드커버 | 없음 | 56p | 쟈켓색상 1) | E23: =연간집계!E23 -> 레코드북 150 | F23: =COUNTIFS(데이터!F:F,D23,데이터!$N:$N,$A$1,데이터!$O:$O,$B$1) -> 4 | G23: =SUMIFS(데이터!G:G,데이터!F:F,D23,데이터!$N:$N,$A$1,데이터!$O:$O,$B$1) -> 6 | H23: =IFERROR(G23/F23,0) -> 1.5 | I23: =IFERROR((SUMIFS(데이터!K:K,데이터!F:F,D23,데이터!$N:$N,$A$1,데이터!$O:$O,$B$1))/F23,0) -> 62.5 | J23: =IFERROR($G23/$G$2,"") -> 0.0058765916 | K23: =SUM(G23:G24) -> 7 | L23: =IFERROR(SUMIFS(데이터!$G:$G,데이터!$F:$F,$D23,데이터!$N:$N,$A$1,데이터!$O:$O,$B$1,데이터!$L:$L,L$1),"") -> 6 | M23: =IFERROR($L23/($L23+$N23),"") -> 1 | N23: =IFERROR(SUMIFS(데이터!$G:$G,데이터!$F:$F,$D23,데이터!$N:$N,$A$1,데이터!$O:$O,$B$1,데이터!$L:$L,N$1),"") -> 0 | O23: =IFERROR($N23/($N23+$L23),"") -> 0 | R23: =IFERROR(COUNTIFS(데이터!$N:$N,$A$1,데이터!$O:$O,$B$1,데이터!$M:$M,$Q23),"") -> 0 | S23: =IFERROR(SUMIFS(데이터!$G:$G,데이터!$N:$N,$A$1,데이터!$O:$O,$B$1,데이터!$M:$M,$Q23),"") -> 0 | T23: =IFERROR(S23/(SUM($S$3:$S1199)),"") -> 0 | U23: =SUMIFS(데이터!$G:$G,데이터!$N:$N,$A$1,데이터!$O:$O,$B$1,데이터!$M:$M,$Q23,데이터!$L:$L,$U$1) -> 0 | V23: =IFERROR(U23/($U23+$W23),"") | W23: =SUMIFS(데이터!$G:$G,데이터!$N:$N,$A$1,데이터!$O:$O,$B$1,데이터!$M:$M,$Q23,데이터!$L:$L,$W$1) -> 0 | X23: =IFERROR(W23/($U23+$W23),"")
D24: =연간집계!D24 -> 레코드북 (레코드북_198_198_가변 하드커버+기성 소프트 자켓 커버_무광 / 198X198 | 하드커버 | 없음 | 56p | 쟈켓색상 1) | E24: =연간집계!E24 -> 레코드북 198 | F24: =COUNTIFS(데이터!F:F,D24,데이터!$N:$N,$A$1,데이터!$O:$O,$B$1) -> 1 | G24: =SUMIFS(데이터!G:G,데이터!F:F,D24,데이터!$N:$N,$A$1,데이터!$O:$O,$B$1) -> 1 | H24: =IFERROR(G24/F24,0) -> 1 | I24: =IFERROR((SUMIFS(데이터!K:K,데이터!F:F,D24,데이터!$N:$N,$A$1,데이터!$O:$O,$B$1))/F24,0) -> 74 | J24: =IFERROR($G24/$G$2,"") -> 0.00097943193 | L24: =IFERROR(SUMIFS(데이터!$G:$G,데이터!$F:$F,$D24,데이터!$N:$N,$A$1,데이터!$O:$O,$B$1,데이터!$L:$L,L$1),"") -> 1 | M24: =IFERROR($L24/($L24+$N24),"") -> 1 | N24: =IFERROR(SUMIFS(데이터!$G:$G,데이터!$F:$F,$D24,데이터!$N:$N,$A$1,데이터!$O:$O,$B$1,데이터!$L:$L,N$1),"") -> 0 | O24: =IFERROR($N24/($N24+$L24),"") -> 0 | R24: =IFERROR(COUNTIFS(데이터!$N:$N,$A$1,데이터!$O:$O,$B$1,데이터!$M:$M,$Q24),"") -> 0 | S24: =IFERROR(SUMIFS(데이터!$G:$G,데이터!$N:$N,$A$1,데이터!$O:$O,$B$1,데이터!$M:$M,$Q24),"") -> 0 | T24: =IFERROR(S24/(SUM($S$3:$S1200)),"") -> 0 | U24: =SUMIFS(데이터!$G:$G,데이터!$N:$N,$A$1,데이터!$O:$O,$B$1,데이터!$M:$M,$Q24,데이터!$L:$L,$U$1) -> 0 | V24: =IFERROR(U24/($U24+$W24),"") | W24: =SUMIFS(데이터!$G:$G,데이터!$N:$N,$A$1,데이터!$O:$O,$B$1,데이터!$M:$M,$Q24,데이터!$L:$L,$W$1) -> 0 | X24: =IFERROR(W24/($U24+$W24),"")
C25: 마이트립북 | D25: =연간집계!D25 -> 마이트립북 (마이트립북_150_210_하드커버_무광_린넨텍스트 / 150X210 | 하드커버 | 없음 | 50p) | E25: =연간집계!E25 -> 마이트립북 150 | F25: =COUNTIFS(데이터!F:F,D25,데이터!$N:$N,$A$1,데이터!$O:$O,$B$1) -> 6 | G25: =SUMIFS(데이터!G:G,데이터!F:F,D25,데이터!$N:$N,$A$1,데이터!$O:$O,$B$1) -> 9 | H25: =IFERROR(G25/F25,0) -> 1.5 | I25: =IFERROR((SUMIFS(데이터!K:K,데이터!F:F,D25,데이터!$N:$N,$A$1,데이터!$O:$O,$B$1))/F25,0) -> 65 | J25: =IFERROR($G25/$G$2,"") -> 0.0088148874 | K25: =SUM(G25:G26) -> 19 | L25: =IFERROR(SUMIFS(데이터!$G:$G,데이터!$F:$F,$D25,데이터!$N:$N,$A$1,데이터!$O:$O,$B$1,데이터!$L:$L,L$1),"") -> 9 | M25: =IFERROR($L25/($L25+$N25),"") -> 1 | N25: =IFERROR(SUMIFS(데이터!$G:$G,데이터!$F:$F,$D25,데이터!$N:$N,$A$1,데이터!$O:$O,$B$1,데이터!$L:$L,N$1),"") -> 0 | O25: =IFERROR($N25/($N25+$L25),"") -> 0 | R25: =IFERROR(COUNTIFS(데이터!$N:$N,$A$1,데이터!$O:$O,$B$1,데이터!$M:$M,$Q25),"") -> 0 | S25: =IFERROR(SUMIFS(데이터!$G:$G,데이터!$N:$N,$A$1,데이터!$O:$O,$B$1,데이터!$M:$M,$Q25),"") -> 0 | T25: =IFERROR(S25/(SUM($S$3:$S1201)),"") -> 0 | U25: =SUMIFS(데이터!$G:$G,데이터!$N:$N,$A$1,데이터!$O:$O,$B$1,데이터!$M:$M,$Q25,데이터!$L:$L,$U$1) -> 0 | V25: =IFERROR(U25/($U25+$W25),"") | W25: =SUMIFS(데이터!$G:$G,데이터!$N:$N,$A$1,데이터!$O:$O,$B$1,데이터!$M:$M,$Q25,데이터!$L:$L,$W$1) -> 0 | X25: =IFERROR(W25/($U25+$W25),"")
D26: =연간집계!D26 -> 마이트립북 (마이트립북_198_198_하드커버_무광_린넨텍스트 / 198X198 | 하드커버 | 없음 | 50p) | E26: =연간집계!E26 -> 마이트립북 198 | F26: =COUNTIFS(데이터!F:F,D26,데이터!$N:$N,$A$1,데이터!$O:$O,$B$1) -> 8 | G26: =SUMIFS(데이터!G:G,데이터!F:F,D26,데이터!$N:$N,$A$1,데이터!$O:$O,$B$1) -> 10 | H26: =IFERROR(G26/F26,0) -> 1.25 | I26: =IFERROR((SUMIFS(데이터!K:K,데이터!F:F,D26,데이터!$N:$N,$A$1,데이터!$O:$O,$B$1))/F26,0) -> 62.5 | J26: =IFERROR($G26/$G$2,"") -> 0.0097943193 | L26: =IFERROR(SUMIFS(데이터!$G:$G,데이터!$F:$F,$D26,데이터!$N:$N,$A$1,데이터!$O:$O,$B$1,데이터!$L:$L,L$1),"") -> 10 | M26: =IFERROR($L26/($L26+$N26),"") -> 1 | N26: =IFERROR(SUMIFS(데이터!$G:$G,데이터!$F:$F,$D26,데이터!$N:$N,$A$1,데이터!$O:$O,$B$1,데이터!$L:$L,N$1),"") -> 0 | O26: =IFERROR($N26/($N26+$L26),"") -> 0 | R26: =IFERROR(COUNTIFS(데이터!$N:$N,$A$1,데이터!$O:$O,$B$1,데이터!$M:$M,$Q26),"") -> 0 | S26: =IFERROR(SUMIFS(데이터!$G:$G,데이터!$N:$N,$A$1,데이터!$O:$O,$B$1,데이터!$M:$M,$Q26),"") -> 0 | T26: =IFERROR(S26/(SUM($S$3:$S1202)),"") -> 0 | U26: =SUMIFS(데이터!$G:$G,데이터!$N:$N,$A$1,데이터!$O:$O,$B$1,데이터!$M:$M,$Q26,데이터!$L:$L,$U$1) -> 0 | V26: =IFERROR(U26/($U26+$W26),"") | W26: =SUMIFS(데이터!$G:$G,데이터!$N:$N,$A$1,데이터!$O:$O,$B$1,데이터!$M:$M,$Q26,데이터!$L:$L,$W$1) -> 0 | X26: =IFERROR(W26/($U26+$W26),"")
C27: 메모리북 | D27: =연간집계!D27 -> 메모리북 (가족북(메모리북)_150_210_기성하드+가변 띠지_무광 / 150X210 | 하드커버 | 없음 | 46p) | E27: =연간집계!E27 -> 메모리북 | F27: =COUNTIFS(데이터!F:F,D27,데이터!$N:$N,$A$1,데이터!$O:$O,$B$1) -> 9 | G27: =SUMIFS(데이터!G:G,데이터!F:F,D27,데이터!$N:$N,$A$1,데이터!$O:$O,$B$1) -> 11 | H27: =IFERROR(G27/F27,0) -> 1.2222222 | I27: =IFERROR((SUMIFS(데이터!K:K,데이터!F:F,D27,데이터!$N:$N,$A$1,데이터!$O:$O,$B$1))/F27,0) -> 57.111111 | J27: =IFERROR($G27/$G$2,"") -> 0.010773751 | K27: =G27 -> 11 | L27: =IFERROR(SUMIFS(데이터!$G:$G,데이터!$F:$F,$D27,데이터!$N:$N,$A$1,데이터!$O:$O,$B$1,데이터!$L:$L,L$1),"") -> 11 | M27: =IFERROR($L27/($L27+$N27),"") -> 1 | N27: =IFERROR(SUMIFS(데이터!$G:$G,데이터!$F:$F,$D27,데이터!$N:$N,$A$1,데이터!$O:$O,$B$1,데이터!$L:$L,N$1),"") -> 0 | O27: =IFERROR($N27/($N27+$L27),"") -> 0 | R27: =IFERROR(COUNTIFS(데이터!$N:$N,$A$1,데이터!$O:$O,$B$1,데이터!$M:$M,$Q27),"") -> 0 | S27: =IFERROR(SUMIFS(데이터!$G:$G,데이터!$N:$N,$A$1,데이터!$O:$O,$B$1,데이터!$M:$M,$Q27),"") -> 0 | T27: =IFERROR(S27/(SUM($S$3:$S1203)),"") -> 0 | U27: =SUMIFS(데이터!$G:$G,데이터!$N:$N,$A$1,데이터!$O:$O,$B$1,데이터!$M:$M,$Q27,데이터!$L:$L,$U$1) -> 0 | V27: =IFERROR(U27/($U27+$W27),"") | W27: =SUMIFS(데이터!$G:$G,데이터!$N:$N,$A$1,데이터!$O:$O,$B$1,데이터!$M:$M,$Q27,데이터!$L:$L,$W$1) -> 0 | X27: =IFERROR(W27/($U27+$W27),"")
C28: 모임북 | D28: =연간집계!D28 -> 모임북 (모임북_150_210_가변하드 무광 / 150X210 | 하드커버 | 없음 | 38p) | E28: =연간집계!E28 -> 모임북 | F28: =COUNTIFS(데이터!F:F,D28,데이터!$N:$N,$A$1,데이터!$O:$O,$B$1) -> 0 | G28: =SUMIFS(데이터!G:G,데이터!F:F,D28,데이터!$N:$N,$A$1,데이터!$O:$O,$B$1) -> 0 | H28: =IFERROR(G28/F28,0) -> 0 | I28: =IFERROR((SUMIFS(데이터!K:K,데이터!F:F,D28,데이터!$N:$N,$A$1,데이터!$O:$O,$B$1))/F28,0) -> 0 | J28: =IFERROR($G28/$G$2,"") -> 0 | K28: =G28 -> 0 | L28: =IFERROR(SUMIFS(데이터!$G:$G,데이터!$F:$F,$D28,데이터!$N:$N,$A$1,데이터!$O:$O,$B$1,데이터!$L:$L,L$1),"") -> 0 | M28: =IFERROR($L28/($L28+$N28),"") | N28: =IFERROR(SUMIFS(데이터!$G:$G,데이터!$F:$F,$D28,데이터!$N:$N,$A$1,데이터!$O:$O,$B$1,데이터!$L:$L,N$1),"") -> 0 | O28: =IFERROR($N28/($N28+$L28),"") | R28: =IFERROR(COUNTIFS(데이터!$N:$N,$A$1,데이터!$O:$O,$B$1,데이터!$M:$M,$Q28),"") -> 0 | S28: =IFERROR(SUMIFS(데이터!$G:$G,데이터!$N:$N,$A$1,데이터!$O:$O,$B$1,데이터!$M:$M,$Q28),"") -> 0 | T28: =IFERROR(S28/(SUM($S$3:$S1204)),"") -> 0 | U28: =SUMIFS(데이터!$G:$G,데이터!$N:$N,$A$1,데이터!$O:$O,$B$1,데이터!$M:$M,$Q28,데이터!$L:$L,$U$1) -> 0 | V28: =IFERROR(U28/($U28+$W28),"") | W28: =SUMIFS(데이터!$G:$G,데이터!$N:$N,$A$1,데이터!$O:$O,$B$1,데이터!$M:$M,$Q28,데이터!$L:$L,$W$1) -> 0 | X28: =IFERROR(W28/($U28+$W28),"")
C29: 반려스토리북 | D29: =연간집계!D29 -> 반려스토리북 (반려스토리북_130_185_PUR제본_가변 하드_무광 / 130X185 | 하드커버 | 없음 | 46p) | E29: =연간집계!E29 -> 반려스토리북 | F29: =COUNTIFS(데이터!F:F,D29,데이터!$N:$N,$A$1,데이터!$O:$O,$B$1) -> 0 | G29: =SUMIFS(데이터!G:G,데이터!F:F,D29,데이터!$N:$N,$A$1,데이터!$O:$O,$B$1) -> 0 | H29: =IFERROR(G29/F29,0) -> 0 | I29: =IFERROR((SUMIFS(데이터!K:K,데이터!F:F,D29,데이터!$N:$N,$A$1,데이터!$O:$O,$B$1))/F29,0) -> 0 | J29: =IFERROR($G29/$G$2,"") -> 0 | K29: =G29 -> 0 | L29: =IFERROR(SUMIFS(데이터!$G:$G,데이터!$F:$F,$D29,데이터!$N:$N,$A$1,데이터!$O:$O,$B$1,데이터!$L:$L,L$1),"") -> 0 | M29: =IFERROR($L29/($L29+$N29),"") | N29: =IFERROR(SUMIFS(데이터!$G:$G,데이터!$F:$F,$D29,데이터!$N:$N,$A$1,데이터!$O:$O,$B$1,데이터!$L:$L,N$1),"") -> 0 | O29: =IFERROR($N29/($N29+$L29),"") | R29: =IFERROR(COUNTIFS(데이터!$N:$N,$A$1,데이터!$O:$O,$B$1,데이터!$M:$M,$Q29),"") -> 0 | S29: =IFERROR(SUMIFS(데이터!$G:$G,데이터!$N:$N,$A$1,데이터!$O:$O,$B$1,데이터!$M:$M,$Q29),"") -> 0 | T29: =IFERROR(S29/(SUM($S$3:$S1205)),"") -> 0 | U29: =SUMIFS(데이터!$G:$G,데이터!$N:$N,$A$1,데이터!$O:$O,$B$1,데이터!$M:$M,$Q29,데이터!$L:$L,$U$1) -> 0 | V29: =IFERROR(U29/($U29+$W29),"") | W29: =SUMIFS(데이터!$G:$G,데이터!$N:$N,$A$1,데이터!$O:$O,$B$1,데이터!$M:$M,$Q29,데이터!$L:$L,$W$1) -> 0 | X29: =IFERROR(W29/($U29+$W29),"")
C30: 반려화보북 | D30: =연간집계!D30 -> 반려화보북 (반려화보북_197_278_PUR제본_가변 소프트압축_무광 / 197X278 | 소프트압축커버 | 없음 | 46p) | E30: =연간집계!E30 -> 반려화보북 | F30: =COUNTIFS(데이터!F:F,D30,데이터!$N:$N,$A$1,데이터!$O:$O,$B$1) -> 0 | G30: =SUMIFS(데이터!G:G,데이터!F:F,D30,데이터!$N:$N,$A$1,데이터!$O:$O,$B$1) -> 0 | H30: =IFERROR(G30/F30,0) -> 0 | I30: =IFERROR((SUMIFS(데이터!K:K,데이터!F:F,D30,데이터!$N:$N,$A$1,데이터!$O:$O,$B$1))/F30,0) -> 0 | J30: =IFERROR($G30/$G$2,"") -> 0 | K30: =G30 -> 0 | L30: =IFERROR(SUMIFS(데이터!$G:$G,데이터!$F:$F,$D30,데이터!$N:$N,$A$1,데이터!$O:$O,$B$1,데이터!$L:$L,L$1),"") -> 0 | M30: =IFERROR($L30/($L30+$N30),"") | N30: =IFERROR(SUMIFS(데이터!$G:$G,데이터!$F:$F,$D30,데이터!$N:$N,$A$1,데이터!$O:$O,$B$1,데이터!$L:$L,N$1),"") -> 0 | O30: =IFERROR($N30/($N30+$L30),"") | R30: =IFERROR(COUNTIFS(데이터!$N:$N,$A$1,데이터!$O:$O,$B$1,데이터!$M:$M,$Q30),"") -> 0 | S30: =IFERROR(SUMIFS(데이터!$G:$G,데이터!$N:$N,$A$1,데이터!$O:$O,$B$1,데이터!$M:$M,$Q30),"") -> 0 | T30: =IFERROR(S30/(SUM($S$3:$S1206)),"") -> 0 | U30: =SUMIFS(데이터!$G:$G,데이터!$N:$N,$A$1,데이터!$O:$O,$B$1,데이터!$M:$M,$Q30,데이터!$L:$L,$U$1) -> 0 | V30: =IFERROR(U30/($U30+$W30),"") | W30: =SUMIFS(데이터!$G:$G,데이터!$N:$N,$A$1,데이터!$O:$O,$B$1,데이터!$M:$M,$Q30,데이터!$L:$L,$W$1) -> 0 | X30: =IFERROR(W30/($U30+$W30),"")
C31: 반야북 | D31: =연간집계!D31 -> 불교교_반야북_6색_198_198_가변 쿠션하드_무광 / 198X198 | 쿠션하드커버 | 없음 | 58p | E31: =연간집계!E31 -> 반야북 | F31: =COUNTIFS(데이터!F:F,D31,데이터!$N:$N,$A$1,데이터!$O:$O,$B$1) -> 0 | G31: =SUMIFS(데이터!G:G,데이터!F:F,D31,데이터!$N:$N,$A$1,데이터!$O:$O,$B$1) -> 0 | H31: =IFERROR(G31/F31,0) -> 0 | I31: =IFERROR((SUMIFS(데이터!K:K,데이터!F:F,D31,데이터!$N:$N,$A$1,데이터!$O:$O,$B$1))/F31,0) -> 0 | J31: =IFERROR($G31/$G$2,"") -> 0 | K31: =G31 -> 0 | L31: =IFERROR(SUMIFS(데이터!$G:$G,데이터!$F:$F,$D31,데이터!$N:$N,$A$1,데이터!$O:$O,$B$1,데이터!$L:$L,L$1),"") -> 0 | M31: =IFERROR($L31/($L31+$N31),"") | N31: =IFERROR(SUMIFS(데이터!$G:$G,데이터!$F:$F,$D31,데이터!$N:$N,$A$1,데이터!$O:$O,$B$1,데이터!$L:$L,N$1),"") -> 0 | O31: =IFERROR($N31/($N31+$L31),"") | R31: =IFERROR(COUNTIFS(데이터!$N:$N,$A$1,데이터!$O:$O,$B$1,데이터!$M:$M,$Q31),"") -> 0 | S31: =IFERROR(SUMIFS(데이터!$G:$G,데이터!$N:$N,$A$1,데이터!$O:$O,$B$1,데이터!$M:$M,$Q31),"") -> 0 | T31: =IFERROR(S31/(SUM($S$3:$S1207)),"") -> 0 | U31: =SUMIFS(데이터!$G:$G,데이터!$N:$N,$A$1,데이터!$O:$O,$B$1,데이터!$M:$M,$Q31,데이터!$L:$L,$U$1) -> 0 | V31: =IFERROR(U31/($U31+$W31),"") | W31: =SUMIFS(데이터!$G:$G,데이터!$N:$N,$A$1,데이터!$O:$O,$B$1,데이터!$M:$M,$Q31,데이터!$L:$L,$W$1) -> 0 | X31: =IFERROR(W31/($U31+$W31),"")
C32: 베이비북 198 | D32: =연간집계!D32 -> 베이비북_198_198_가변 쿠션하드 (베이비북_198_198_78p_가변 쿠션하드 / 198X198 | 쿠션하드커버 | 없음 | 78p) | E32: =연간집계!E32 -> 베이비북 198 (쿠션하드/78p) | F32: =COUNTIFS(데이터!F:F,D32,데이터!$N:$N,$A$1,데이터!$O:$O,$B$1) -> 2 | G32: =SUMIFS(데이터!G:G,데이터!F:F,D32,데이터!$N:$N,$A$1,데이터!$O:$O,$B$1) -> 2 | H32: =IFERROR(G32/F32,0) -> 1 | I32: =IFERROR((SUMIFS(데이터!K:K,데이터!F:F,D32,데이터!$N:$N,$A$1,데이터!$O:$O,$B$1))/F32,0) -> 80 | J32: =IFERROR($G32/$G$2,"") -> 0.0019588639 | K32: =SUM(G32:G37) -> 4 | L32: =IFERROR(SUMIFS(데이터!$G:$G,데이터!$F:$F,$D32,데이터!$N:$N,$A$1,데이터!$O:$O,$B$1,데이터!$L:$L,L$1),"") -> 2 | M32: =IFERROR($L32/($L32+$N32),"") -> 1 | N32: =IFERROR(SUMIFS(데이터!$G:$G,데이터!$F:$F,$D32,데이터!$N:$N,$A$1,데이터!$O:$O,$B$1,데이터!$L:$L,N$1),"") -> 0 | O32: =IFERROR($N32/($N32+$L32),"") -> 0 | R32: =IFERROR(COUNTIFS(데이터!$N:$N,$A$1,데이터!$O:$O,$B$1,데이터!$M:$M,$Q32),"") -> 0 | S32: =IFERROR(SUMIFS(데이터!$G:$G,데이터!$N:$N,$A$1,데이터!$O:$O,$B$1,데이터!$M:$M,$Q32),"") -> 0 | T32: =IFERROR(S32/(SUM($S$3:$S1208)),"") -> 0 | U32: =SUMIFS(데이터!$G:$G,데이터!$N:$N,$A$1,데이터!$O:$O,$B$1,데이터!$M:$M,$Q32,데이터!$L:$L,$U$1) -> 0 | V32: =IFERROR(U32/($U32+$W32),"") | W32: =SUMIFS(데이터!$G:$G,데이터!$N:$N,$A$1,데이터!$O:$O,$B$1,데이터!$M:$M,$Q32,데이터!$L:$L,$W$1) -> 0 | X32: =IFERROR(W32/($U32+$W32),"")
D33: =연간집계!D33 -> 베이비북_198_198_가변 쿠션하드 (베이비북_198_198_58p_가변 쿠션하드 / 198X198 | 쿠션하드커버 | 없음 | 58p) | E33: =연간집계!E33 -> 베이비북 198 (쿠션하드/58p) | F33: =COUNTIFS(데이터!F:F,D33,데이터!$N:$N,$A$1,데이터!$O:$O,$B$1) -> 0 | G33: =SUMIFS(데이터!G:G,데이터!F:F,D33,데이터!$N:$N,$A$1,데이터!$O:$O,$B$1) -> 0 | H33: =IFERROR(G33/F33,0) -> 0 | I33: =IFERROR((SUMIFS(데이터!K:K,데이터!F:F,D33,데이터!$N:$N,$A$1,데이터!$O:$O,$B$1))/F33,0) -> 0 | J33: =IFERROR($G33/$G$2,"") -> 0 | L33: =IFERROR(SUMIFS(데이터!$G:$G,데이터!$F:$F,$D33,데이터!$N:$N,$A$1,데이터!$O:$O,$B$1,데이터!$L:$L,L$1),"") -> 0 | M33: =IFERROR($L33/($L33+$N33),"") | N33: =IFERROR(SUMIFS(데이터!$G:$G,데이터!$F:$F,$D33,데이터!$N:$N,$A$1,데이터!$O:$O,$B$1,데이터!$L:$L,N$1),"") -> 0 | O33: =IFERROR($N33/($N33+$L33),"") | R33: =IFERROR(COUNTIFS(데이터!$N:$N,$A$1,데이터!$O:$O,$B$1,데이터!$M:$M,$Q33),"") -> 0 | S33: =IFERROR(SUMIFS(데이터!$G:$G,데이터!$N:$N,$A$1,데이터!$O:$O,$B$1,데이터!$M:$M,$Q33),"") -> 0 | T33: =IFERROR(S33/(SUM($S$3:$S1209)),"") -> 0 | U33: =SUMIFS(데이터!$G:$G,데이터!$N:$N,$A$1,데이터!$O:$O,$B$1,데이터!$M:$M,$Q33,데이터!$L:$L,$U$1) -> 0 | V33: =IFERROR(U33/($U33+$W33),"") | W33: =SUMIFS(데이터!$G:$G,데이터!$N:$N,$A$1,데이터!$O:$O,$B$1,데이터!$M:$M,$Q33,데이터!$L:$L,$W$1) -> 0 | X33: =IFERROR(W33/($U33+$W33),"")
D34: =연간집계!D34 -> 베이비북_198_198_가변 쿠션하드 (베이비북_198_198_38p_가변 쿠션하드 / 198X198 | 쿠션하드커버 | 없음 | 38p) | E34: =연간집계!E34 -> 베이비북 198 (쿠션하드/38p) | F34: =COUNTIFS(데이터!F:F,D34,데이터!$N:$N,$A$1,데이터!$O:$O,$B$1) -> 2 | G34: =SUMIFS(데이터!G:G,데이터!F:F,D34,데이터!$N:$N,$A$1,데이터!$O:$O,$B$1) -> 2 | H34: =IFERROR(G34/F34,0) -> 1 | I34: =IFERROR((SUMIFS(데이터!K:K,데이터!F:F,D34,데이터!$N:$N,$A$1,데이터!$O:$O,$B$1))/F34,0) -> 40 | J34: =IFERROR($G34/$G$2,"") -> 0.0019588639 | L34: =IFERROR(SUMIFS(데이터!$G:$G,데이터!$F:$F,$D34,데이터!$N:$N,$A$1,데이터!$O:$O,$B$1,데이터!$L:$L,L$1),"") -> 2 | M34: =IFERROR($L34/($L34+$N34),"") -> 1 | N34: =IFERROR(SUMIFS(데이터!$G:$G,데이터!$F:$F,$D34,데이터!$N:$N,$A$1,데이터!$O:$O,$B$1,데이터!$L:$L,N$1),"") -> 0 | O34: =IFERROR($N34/($N34+$L34),"") -> 0 | R34: =IFERROR(COUNTIFS(데이터!$N:$N,$A$1,데이터!$O:$O,$B$1,데이터!$M:$M,$Q34),"") -> 0 | S34: =IFERROR(SUMIFS(데이터!$G:$G,데이터!$N:$N,$A$1,데이터!$O:$O,$B$1,데이터!$M:$M,$Q34),"") -> 0 | T34: =IFERROR(S34/(SUM($S$3:$S1210)),"") -> 0 | U34: =SUMIFS(데이터!$G:$G,데이터!$N:$N,$A$1,데이터!$O:$O,$B$1,데이터!$M:$M,$Q34,데이터!$L:$L,$U$1) -> 0 | V34: =IFERROR(U34/($U34+$W34),"") | W34: =SUMIFS(데이터!$G:$G,데이터!$N:$N,$A$1,데이터!$O:$O,$B$1,데이터!$M:$M,$Q34,데이터!$L:$L,$W$1) -> 0 | X34: =IFERROR(W34/($U34+$W34),"")
D35: =연간집계!D35 -> 베이비북_198_198_78p_가변 소프트 / 198X198| 소프트커버 | 없음 | 78p | E35: =연간집계!E35 -> 베이비북 198 (소프트/78p) | F35: =COUNTIFS(데이터!F:F,D35,데이터!$N:$N,$A$1,데이터!$O:$O,$B$1) -> 0 | G35: =SUMIFS(데이터!G:G,데이터!F:F,D35,데이터!$N:$N,$A$1,데이터!$O:$O,$B$1) -> 0 | H35: =IFERROR(G35/F35,0) -> 0 | I35: =IFERROR((SUMIFS(데이터!K:K,데이터!F:F,D35,데이터!$N:$N,$A$1,데이터!$O:$O,$B$1))/F35,0) -> 0 | J35: =IFERROR($G35/$G$2,"") -> 0 | L35: =IFERROR(SUMIFS(데이터!$G:$G,데이터!$F:$F,$D35,데이터!$N:$N,$A$1,데이터!$O:$O,$B$1,데이터!$L:$L,L$1),"") -> 0 | M35: =IFERROR($L35/($L35+$N35),"") | N35: =IFERROR(SUMIFS(데이터!$G:$G,데이터!$F:$F,$D35,데이터!$N:$N,$A$1,데이터!$O:$O,$B$1,데이터!$L:$L,N$1),"") -> 0 | O35: =IFERROR($N35/($N35+$L35),"") | R35: =IFERROR(COUNTIFS(데이터!$N:$N,$A$1,데이터!$O:$O,$B$1,데이터!$M:$M,$Q35),"") -> 0 | S35: =IFERROR(SUMIFS(데이터!$G:$G,데이터!$N:$N,$A$1,데이터!$O:$O,$B$1,데이터!$M:$M,$Q35),"") -> 0 | T35: =IFERROR(S35/(SUM($S$3:$S1211)),"") -> 0 | U35: =SUMIFS(데이터!$G:$G,데이터!$N:$N,$A$1,데이터!$O:$O,$B$1,데이터!$M:$M,$Q35,데이터!$L:$L,$U$1) -> 0 | V35: =IFERROR(U35/($U35+$W35),"") | W35: =SUMIFS(데이터!$G:$G,데이터!$N:$N,$A$1,데이터!$O:$O,$B$1,데이터!$M:$M,$Q35,데이터!$L:$L,$W$1) -> 0 | X35: =IFERROR(W35/($U35+$W35),"")
D36: =연간집계!D36 -> 베이비북_198_198_가변 소프트 (베이비북_198_198_58p_가변 소프트 / 198X198|소프트커버|없음|58p) | E36: =연간집계!E36 -> 베이비북 198 (소프트/58p) | F36: =COUNTIFS(데이터!F:F,D36,데이터!$N:$N,$A$1,데이터!$O:$O,$B$1) -> 0 | G36: =SUMIFS(데이터!G:G,데이터!F:F,D36,데이터!$N:$N,$A$1,데이터!$O:$O,$B$1) -> 0 | H36: =IFERROR(G36/F36,0) -> 0 | I36: =IFERROR((SUMIFS(데이터!K:K,데이터!F:F,D36,데이터!$N:$N,$A$1,데이터!$O:$O,$B$1))/F36,0) -> 0 | J36: =IFERROR($G36/$G$2,"") -> 0 | L36: =IFERROR(SUMIFS(데이터!$G:$G,데이터!$F:$F,$D36,데이터!$N:$N,$A$1,데이터!$O:$O,$B$1,데이터!$L:$L,L$1),"") -> 0 | M36: =IFERROR($L36/($L36+$N36),"") | N36: =IFERROR(SUMIFS(데이터!$G:$G,데이터!$F:$F,$D36,데이터!$N:$N,$A$1,데이터!$O:$O,$B$1,데이터!$L:$L,N$1),"") -> 0 | O36: =IFERROR($N36/($N36+$L36),"") | R36: =IFERROR(COUNTIFS(데이터!$N:$N,$A$1,데이터!$O:$O,$B$1,데이터!$M:$M,$Q36),"") -> 0 | S36: =IFERROR(SUMIFS(데이터!$G:$G,데이터!$N:$N,$A$1,데이터!$O:$O,$B$1,데이터!$M:$M,$Q36),"") -> 0 | T36: =IFERROR(S36/(SUM($S$3:$S1212)),"") -> 0 | U36: =SUMIFS(데이터!$G:$G,데이터!$N:$N,$A$1,데이터!$O:$O,$B$1,데이터!$M:$M,$Q36,데이터!$L:$L,$U$1) -> 0 | V36: =IFERROR(U36/($U36+$W36),"") | W36: =SUMIFS(데이터!$G:$G,데이터!$N:$N,$A$1,데이터!$O:$O,$B$1,데이터!$M:$M,$Q36,데이터!$L:$L,$W$1) -> 0 | X36: =IFERROR(W36/($U36+$W36),"")
D37: =연간집계!D37 -> 베이비북_198_198_38p_가변 소프트 / 198X198| 소프트커버 | 없음 | 38p | E37: =연간집계!E37 -> 베이비북 198 (소프트/38p) | F37: =COUNTIFS(데이터!F:F,D37,데이터!$N:$N,$A$1,데이터!$O:$O,$B$1) -> 0 | G37: =SUMIFS(데이터!G:G,데이터!F:F,D37,데이터!$N:$N,$A$1,데이터!$O:$O,$B$1) -> 0 | H37: =IFERROR(G37/F37,0) -> 0 | I37: =IFERROR((SUMIFS(데이터!K:K,데이터!F:F,D37,데이터!$N:$N,$A$1,데이터!$O:$O,$B$1))/F37,0) -> 0 | J37: =IFERROR($G37/$G$2,"") -> 0 | L37: =IFERROR(SUMIFS(데이터!$G:$G,데이터!$F:$F,$D37,데이터!$N:$N,$A$1,데이터!$O:$O,$B$1,데이터!$L:$L,L$1),"") -> 0 | M37: =IFERROR($L37/($L37+$N37),"") | N37: =IFERROR(SUMIFS(데이터!$G:$G,데이터!$F:$F,$D37,데이터!$N:$N,$A$1,데이터!$O:$O,$B$1,데이터!$L:$L,N$1),"") -> 0 | O37: =IFERROR($N37/($N37+$L37),"") | R37: =IFERROR(COUNTIFS(데이터!$N:$N,$A$1,데이터!$O:$O,$B$1,데이터!$M:$M,$Q37),"") -> 0 | S37: =IFERROR(SUMIFS(데이터!$G:$G,데이터!$N:$N,$A$1,데이터!$O:$O,$B$1,데이터!$M:$M,$Q37),"") -> 0 | T37: =IFERROR(S37/(SUM($S$3:$S1213)),"") -> 0 | U37: =SUMIFS(데이터!$G:$G,데이터!$N:$N,$A$1,데이터!$O:$O,$B$1,데이터!$M:$M,$Q37,데이터!$L:$L,$U$1) -> 0 | V37: =IFERROR(U37/($U37+$W37),"") | W37: =SUMIFS(데이터!$G:$G,데이터!$N:$N,$A$1,데이터!$O:$O,$B$1,데이터!$M:$M,$Q37,데이터!$L:$L,$W$1) -> 0 | X37: =IFERROR(W37/($U37+$W37),"")
C38: 베이비북 197 | D38: =연간집계!D38 -> 베이비북_197_278_가변 쿠션하드 (베이비북_197_278_78p_가변 쿠션하드 / 197X278 | 쿠션하드커버 | 없음 | 78p) | E38: =연간집계!E38 -> 베이비북 197 (쿠션하드/78p) | F38: =COUNTIFS(데이터!F:F,D38,데이터!$N:$N,$A$1,데이터!$O:$O,$B$1) -> 0 | G38: =SUMIFS(데이터!G:G,데이터!F:F,D38,데이터!$N:$N,$A$1,데이터!$O:$O,$B$1) -> 0 | H38: =IFERROR(G38/F38,0) -> 0 | I38: =IFERROR((SUMIFS(데이터!K:K,데이터!F:F,D38,데이터!$N:$N,$A$1,데이터!$O:$O,$B$1))/F38,0) -> 0 | J38: =IFERROR($G38/$G$2,"") -> 0 | K38: =SUM(G38:G43) -> 0 | L38: =IFERROR(SUMIFS(데이터!$G:$G,데이터!$F:$F,$D38,데이터!$N:$N,$A$1,데이터!$O:$O,$B$1,데이터!$L:$L,L$1),"") -> 0 | M38: =IFERROR($L38/($L38+$N38),"") | N38: =IFERROR(SUMIFS(데이터!$G:$G,데이터!$F:$F,$D38,데이터!$N:$N,$A$1,데이터!$O:$O,$B$1,데이터!$L:$L,N$1),"") -> 0 | O38: =IFERROR($N38/($N38+$L38),"") | R38: =IFERROR(COUNTIFS(데이터!$N:$N,$A$1,데이터!$O:$O,$B$1,데이터!$M:$M,$Q38),"") -> 0 | S38: =IFERROR(SUMIFS(데이터!$G:$G,데이터!$N:$N,$A$1,데이터!$O:$O,$B$1,데이터!$M:$M,$Q38),"") -> 0 | T38: =IFERROR(S38/(SUM($S$3:$S1214)),"") -> 0 | U38: =SUMIFS(데이터!$G:$G,데이터!$N:$N,$A$1,데이터!$O:$O,$B$1,데이터!$M:$M,$Q38,데이터!$L:$L,$U$1) -> 0 | V38: =IFERROR(U38/($U38+$W38),"") | W38: =SUMIFS(데이터!$G:$G,데이터!$N:$N,$A$1,데이터!$O:$O,$B$1,데이터!$M:$M,$Q38,데이터!$L:$L,$W$1) -> 0 | X38: =IFERROR(W38/($U38+$W38),"")
D39: =연간집계!D39 -> 베이비북_198_198_58p_가변 쿠션하드 / 198X198 | 쿠션하드커버 | 없음 | 58p | E39: =연간집계!E39 -> 베이비북 197 (쿠션하드/58p) | F39: =COUNTIFS(데이터!F:F,D39,데이터!$N:$N,$A$1,데이터!$O:$O,$B$1) -> 0 | G39: =SUMIFS(데이터!G:G,데이터!F:F,D39,데이터!$N:$N,$A$1,데이터!$O:$O,$B$1) -> 0 | H39: =IFERROR(G39/F39,0) -> 0 | I39: =IFERROR((SUMIFS(데이터!K:K,데이터!F:F,D39,데이터!$N:$N,$A$1,데이터!$O:$O,$B$1))/F39,0) -> 0 | J39: =IFERROR($G39/$G$2,"") -> 0 | L39: =IFERROR(SUMIFS(데이터!$G:$G,데이터!$F:$F,$D39,데이터!$N:$N,$A$1,데이터!$O:$O,$B$1,데이터!$L:$L,L$1),"") -> 0 | M39: =IFERROR($L39/($L39+$N39),"") | N39: =IFERROR(SUMIFS(데이터!$G:$G,데이터!$F:$F,$D39,데이터!$N:$N,$A$1,데이터!$O:$O,$B$1,데이터!$L:$L,N$1),"") -> 0 | O39: =IFERROR($N39/($N39+$L39),"") | R39: =IFERROR(COUNTIFS(데이터!$N:$N,$A$1,데이터!$O:$O,$B$1,데이터!$M:$M,$Q39),"") -> 0 | S39: =IFERROR(SUMIFS(데이터!$G:$G,데이터!$N:$N,$A$1,데이터!$O:$O,$B$1,데이터!$M:$M,$Q39),"") -> 0 | T39: =IFERROR(S39/(SUM($S$3:$S1215)),"") -> 0 | U39: =SUMIFS(데이터!$G:$G,데이터!$N:$N,$A$1,데이터!$O:$O,$B$1,데이터!$M:$M,$Q39,데이터!$L:$L,$U$1) -> 0 | V39: =IFERROR(U39/($U39+$W39),"") | W39: =SUMIFS(데이터!$G:$G,데이터!$N:$N,$A$1,데이터!$O:$O,$B$1,데이터!$M:$M,$Q39,데이터!$L:$L,$W$1) -> 0 | X39: =IFERROR(W39/($U39+$W39),"")
D40: =연간집계!D40 -> 베이비북_198_198_38p_가변 쿠션하드 / 198X198 | 쿠션하드커버 | 없음 | 38p | E40: =연간집계!E40 -> 베이비북 197 (쿠션하드/38p) | F40: =COUNTIFS(데이터!F:F,D40,데이터!$N:$N,$A$1,데이터!$O:$O,$B$1) -> 0 | G40: =SUMIFS(데이터!G:G,데이터!F:F,D40,데이터!$N:$N,$A$1,데이터!$O:$O,$B$1) -> 0 | H40: =IFERROR(G40/F40,0) -> 0 | I40: =IFERROR((SUMIFS(데이터!K:K,데이터!F:F,D40,데이터!$N:$N,$A$1,데이터!$O:$O,$B$1))/F40,0) -> 0 | J40: =IFERROR($G40/$G$2,"") -> 0 | L40: =IFERROR(SUMIFS(데이터!$G:$G,데이터!$F:$F,$D40,데이터!$N:$N,$A$1,데이터!$O:$O,$B$1,데이터!$L:$L,L$1),"") -> 0 | M40: =IFERROR($L40/($L40+$N40),"") | N40: =IFERROR(SUMIFS(데이터!$G:$G,데이터!$F:$F,$D40,데이터!$N:$N,$A$1,데이터!$O:$O,$B$1,데이터!$L:$L,N$1),"") -> 0 | O40: =IFERROR($N40/($N40+$L40),"") | R40: =IFERROR(COUNTIFS(데이터!$N:$N,$A$1,데이터!$O:$O,$B$1,데이터!$M:$M,$Q40),"") -> 0 | S40: =IFERROR(SUMIFS(데이터!$G:$G,데이터!$N:$N,$A$1,데이터!$O:$O,$B$1,데이터!$M:$M,$Q40),"") -> 0 | T40: =IFERROR(S40/(SUM($S$3:$S1216)),"") -> 0 | U40: =SUMIFS(데이터!$G:$G,데이터!$N:$N,$A$1,데이터!$O:$O,$B$1,데이터!$M:$M,$Q40,데이터!$L:$L,$U$1) -> 0 | V40: =IFERROR(U40/($U40+$W40),"") | W40: =SUMIFS(데이터!$G:$G,데이터!$N:$N,$A$1,데이터!$O:$O,$B$1,데이터!$M:$M,$Q40,데이터!$L:$L,$W$1) -> 0 | X40: =IFERROR(W40/($U40+$W40),"")
D41: =연간집계!D41 -> 베이비북_198_198_78p_가변 소프트 / 198X198| 소프트커버 | 없음 | 78p | E41: =연간집계!E41 -> 베이비북 197 (소프트/78p) | F41: =COUNTIFS(데이터!F:F,D41,데이터!$N:$N,$A$1,데이터!$O:$O,$B$1) -> 0 | G41: =SUMIFS(데이터!G:G,데이터!F:F,D41,데이터!$N:$N,$A$1,데이터!$O:$O,$B$1) -> 0 | H41: =IFERROR(G41/F41,0) -> 0 | I41: =IFERROR((SUMIFS(데이터!K:K,데이터!F:F,D41,데이터!$N:$N,$A$1,데이터!$O:$O,$B$1))/F41,0) -> 0 | J41: =IFERROR($G41/$G$2,"") -> 0 | L41: =IFERROR(SUMIFS(데이터!$G:$G,데이터!$F:$F,$D41,데이터!$N:$N,$A$1,데이터!$O:$O,$B$1,데이터!$L:$L,L$1),"") -> 0 | M41: =IFERROR($L41/($L41+$N41),"") | N41: =IFERROR(SUMIFS(데이터!$G:$G,데이터!$F:$F,$D41,데이터!$N:$N,$A$1,데이터!$O:$O,$B$1,데이터!$L:$L,N$1),"") -> 0 | O41: =IFERROR($N41/($N41+$L41),"") | R41: =IFERROR(COUNTIFS(데이터!$N:$N,$A$1,데이터!$O:$O,$B$1,데이터!$M:$M,$Q41),"") -> 0 | S41: =IFERROR(SUMIFS(데이터!$G:$G,데이터!$N:$N,$A$1,데이터!$O:$O,$B$1,데이터!$M:$M,$Q41),"") -> 0 | T41: =IFERROR(S41/(SUM($S$3:$S1217)),"") -> 0 | U41: =SUMIFS(데이터!$G:$G,데이터!$N:$N,$A$1,데이터!$O:$O,$B$1,데이터!$M:$M,$Q41,데이터!$L:$L,$U$1) -> 0 | V41: =IFERROR(U41/($U41+$W41),"") | W41: =SUMIFS(데이터!$G:$G,데이터!$N:$N,$A$1,데이터!$O:$O,$B$1,데이터!$M:$M,$Q41,데이터!$L:$L,$W$1) -> 0 | X41: =IFERROR(W41/($U41+$W41),"")
D42: =연간집계!D42 -> 베이비북_198_198_58p_가변 소프트 / 198X198| 소프트커버 | 없음 | 58p | E42: =연간집계!E42 -> 베이비북 197 (소프트/58p) | F42: =COUNTIFS(데이터!F:F,D42,데이터!$N:$N,$A$1,데이터!$O:$O,$B$1) -> 0 | G42: =SUMIFS(데이터!G:G,데이터!F:F,D42,데이터!$N:$N,$A$1,데이터!$O:$O,$B$1) -> 0 | H42: =IFERROR(G42/F42,0) -> 0 | I42: =IFERROR((SUMIFS(데이터!K:K,데이터!F:F,D42,데이터!$N:$N,$A$1,데이터!$O:$O,$B$1))/F42,0) -> 0 | J42: =IFERROR($G42/$G$2,"") -> 0 | L42: =IFERROR(SUMIFS(데이터!$G:$G,데이터!$F:$F,$D42,데이터!$N:$N,$A$1,데이터!$O:$O,$B$1,데이터!$L:$L,L$1),"") -> 0 | M42: =IFERROR($L42/($L42+$N42),"") | N42: =IFERROR(SUMIFS(데이터!$G:$G,데이터!$F:$F,$D42,데이터!$N:$N,$A$1,데이터!$O:$O,$B$1,데이터!$L:$L,N$1),"") -> 0 | O42: =IFERROR($N42/($N42+$L42),"") | R42: =IFERROR(COUNTIFS(데이터!$N:$N,$A$1,데이터!$O:$O,$B$1,데이터!$M:$M,$Q42),"") -> 0 | S42: =IFERROR(SUMIFS(데이터!$G:$G,데이터!$N:$N,$A$1,데이터!$O:$O,$B$1,데이터!$M:$M,$Q42),"") -> 0 | T42: =IFERROR(S42/(SUM($S$3:$S1218)),"") -> 0 | U42: =SUMIFS(데이터!$G:$G,데이터!$N:$N,$A$1,데이터!$O:$O,$B$1,데이터!$M:$M,$Q42,데이터!$L:$L,$U$1) -> 0 | V42: =IFERROR(U42/($U42+$W42),"") | W42: =SUMIFS(데이터!$G:$G,데이터!$N:$N,$A$1,데이터!$O:$O,$B$1,데이터!$M:$M,$Q42,데이터!$L:$L,$W$1) -> 0 | X42: =IFERROR(W42/($U42+$W42),"")
D43: =연간집계!D43 -> 베이비북_198_198_38p_가변 소프트 / 198X198| 소프트커버 | 없음 | 38p | E43: =연간집계!E43 -> 베이비북 197 (소프트/38p) | F43: =COUNTIFS(데이터!F:F,D43,데이터!$N:$N,$A$1,데이터!$O:$O,$B$1) -> 0 | G43: =SUMIFS(데이터!G:G,데이터!F:F,D43,데이터!$N:$N,$A$1,데이터!$O:$O,$B$1) -> 0 | H43: =IFERROR(G43/F43,0) -> 0 | I43: =IFERROR((SUMIFS(데이터!K:K,데이터!F:F,D43,데이터!$N:$N,$A$1,데이터!$O:$O,$B$1))/F43,0) -> 0 | J43: =IFERROR($G43/$G$2,"") -> 0 | L43: =IFERROR(SUMIFS(데이터!$G:$G,데이터!$F:$F,$D43,데이터!$N:$N,$A$1,데이터!$O:$O,$B$1,데이터!$L:$L,L$1),"") -> 0 | M43: =IFERROR($L43/($L43+$N43),"") | N43: =IFERROR(SUMIFS(데이터!$G:$G,데이터!$F:$F,$D43,데이터!$N:$N,$A$1,데이터!$O:$O,$B$1,데이터!$L:$L,N$1),"") -> 0 | O43: =IFERROR($N43/($N43+$L43),"") | R43: =IFERROR(COUNTIFS(데이터!$N:$N,$A$1,데이터!$O:$O,$B$1,데이터!$M:$M,$Q43),"") -> 0 | S43: =IFERROR(SUMIFS(데이터!$G:$G,데이터!$N:$N,$A$1,데이터!$O:$O,$B$1,데이터!$M:$M,$Q43),"") -> 0 | T43: =IFERROR(S43/(SUM($S$3:$S1219)),"") -> 0 | U43: =SUMIFS(데이터!$G:$G,데이터!$N:$N,$A$1,데이터!$O:$O,$B$1,데이터!$M:$M,$Q43,데이터!$L:$L,$U$1) -> 0 | V43: =IFERROR(U43/($U43+$W43),"") | W43: =SUMIFS(데이터!$G:$G,데이터!$N:$N,$A$1,데이터!$O:$O,$B$1,데이터!$M:$M,$Q43,데이터!$L:$L,$W$1) -> 0 | X43: =IFERROR(W43/($U43+$W43),"")
C44: 베이비진 | D44: =연간집계!D44 -> 베이비진_210_297_중철 (베이비진_210_297_16p_중철 / 210X297 | 중철 | 없음 | 14p) | E44: =연간집계!E44 -> 베이비진 210 (14p) | F44: =COUNTIFS(데이터!F:F,D44,데이터!$N:$N,$A$1,데이터!$O:$O,$B$1) -> 33 | G44: =SUMIFS(데이터!G:G,데이터!F:F,D44,데이터!$N:$N,$A$1,데이터!$O:$O,$B$1) -> 33 | H44: =IFERROR(G44/F44,0) -> 1 | I44: =IFERROR((SUMIFS(데이터!K:K,데이터!F:F,D44,데이터!$N:$N,$A$1,데이터!$O:$O,$B$1))/F44,0) -> 16 | J44: =IFERROR($G44/$G$2,"") -> 0.032321254 | K44: =SUM(G44:G45) -> 33 | L44: =IFERROR(SUMIFS(데이터!$G:$G,데이터!$F:$F,$D44,데이터!$N:$N,$A$1,데이터!$O:$O,$B$1,데이터!$L:$L,L$1),"") -> 33 | M44: =IFERROR($L44/($L44+$N44),"") -> 1 | N44: =IFERROR(SUMIFS(데이터!$G:$G,데이터!$F:$F,$D44,데이터!$N:$N,$A$1,데이터!$O:$O,$B$1,데이터!$L:$L,N$1),"") -> 0 | O44: =IFERROR($N44/($N44+$L44),"") -> 0 | R44: =IFERROR(COUNTIFS(데이터!$N:$N,$A$1,데이터!$O:$O,$B$1,데이터!$M:$M,$Q44),"") -> 0 | S44: =IFERROR(SUMIFS(데이터!$G:$G,데이터!$N:$N,$A$1,데이터!$O:$O,$B$1,데이터!$M:$M,$Q44),"") -> 0 | T44: =IFERROR(S44/(SUM($S$3:$S1220)),"") -> 0 | U44: =SUMIFS(데이터!$G:$G,데이터!$N:$N,$A$1,데이터!$O:$O,$B$1,데이터!$M:$M,$Q44,데이터!$L:$L,$U$1) -> 0 | V44: =IFERROR(U44/($U44+$W44),"") | W44: =SUMIFS(데이터!$G:$G,데이터!$N:$N,$A$1,데이터!$O:$O,$B$1,데이터!$M:$M,$Q44,데이터!$L:$L,$W$1) -> 0 | X44: =IFERROR(W44/($U44+$W44),"")
D45: =연간집계!D45 -> 베이비진_210_297_22p_중철 / 210X297 | 중철 | 없음 | 22p | E45: =연간집계!E45 -> 베이비진 210 (22p) | F45: =COUNTIFS(데이터!F:F,D45,데이터!$N:$N,$A$1,데이터!$O:$O,$B$1) -> 0 | G45: =SUMIFS(데이터!G:G,데이터!F:F,D45,데이터!$N:$N,$A$1,데이터!$O:$O,$B$1) -> 0 | H45: =IFERROR(G45/F45,0) -> 0 | I45: =IFERROR((SUMIFS(데이터!K:K,데이터!F:F,D45,데이터!$N:$N,$A$1,데이터!$O:$O,$B$1))/F45,0) -> 0 | J45: =IFERROR($G45/$G$2,"") -> 0 | L45: =IFERROR(SUMIFS(데이터!$G:$G,데이터!$F:$F,$D45,데이터!$N:$N,$A$1,데이터!$O:$O,$B$1,데이터!$L:$L,L$1),"") -> 0 | M45: =IFERROR($L45/($L45+$N45),"") | N45: =IFERROR(SUMIFS(데이터!$G:$G,데이터!$F:$F,$D45,데이터!$N:$N,$A$1,데이터!$O:$O,$B$1,데이터!$L:$L,N$1),"") -> 0 | O45: =IFERROR($N45/($N45+$L45),"") | R45: =IFERROR(COUNTIFS(데이터!$N:$N,$A$1,데이터!$O:$O,$B$1,데이터!$M:$M,$Q45),"") -> 0 | S45: =IFERROR(SUMIFS(데이터!$G:$G,데이터!$N:$N,$A$1,데이터!$O:$O,$B$1,데이터!$M:$M,$Q45),"") -> 0 | T45: =IFERROR(S45/(SUM($S$3:$S1221)),"") -> 0 | U45: =SUMIFS(데이터!$G:$G,데이터!$N:$N,$A$1,데이터!$O:$O,$B$1,데이터!$M:$M,$Q45,데이터!$L:$L,$U$1) -> 0 | V45: =IFERROR(U45/($U45+$W45),"") | W45: =SUMIFS(데이터!$G:$G,데이터!$N:$N,$A$1,데이터!$O:$O,$B$1,데이터!$M:$M,$Q45,데이터!$L:$L,$W$1) -> 0 | X45: =IFERROR(W45/($U45+$W45),"")
C46: 샬롬북 | D46: =연간집계!D46 -> 종교북 (기독교_샬롬북_6색_198_198_가변 쿠션하드_무광 / 198X198 | 쿠션하드커버 | 없음 | 58p) | E46: =연간집계!E46 -> 샬롬북 | F46: =COUNTIFS(데이터!F:F,D46,데이터!$N:$N,$A$1,데이터!$O:$O,$B$1) -> 2 | G46: =SUMIFS(데이터!G:G,데이터!F:F,D46,데이터!$N:$N,$A$1,데이터!$O:$O,$B$1) -> 12 | H46: =IFERROR(G46/F46,0) -> 6 | I46: =IFERROR((SUMIFS(데이터!K:K,데이터!F:F,D46,데이터!$N:$N,$A$1,데이터!$O:$O,$B$1))/F46,0) -> 52 | J46: =IFERROR($G46/$G$2,"") -> 0.011753183 | K46: =G46 -> 12 | L46: =IFERROR(SUMIFS(데이터!$G:$G,데이터!$F:$F,$D46,데이터!$N:$N,$A$1,데이터!$O:$O,$B$1,데이터!$L:$L,L$1),"") -> 12 | M46: =IFERROR($L46/($L46+$N46),"") -> 1 | N46: =IFERROR(SUMIFS(데이터!$G:$G,데이터!$F:$F,$D46,데이터!$N:$N,$A$1,데이터!$O:$O,$B$1,데이터!$L:$L,N$1),"") -> 0 | O46: =IFERROR($N46/($N46+$L46),"") -> 0 | R46: =IFERROR(COUNTIFS(데이터!$N:$N,$A$1,데이터!$O:$O,$B$1,데이터!$M:$M,$Q46),"") -> 0 | S46: =IFERROR(SUMIFS(데이터!$G:$G,데이터!$N:$N,$A$1,데이터!$O:$O,$B$1,데이터!$M:$M,$Q46),"") -> 0 | T46: =IFERROR(S46/(SUM($S$3:$S1222)),"") -> 0 | U46: =SUMIFS(데이터!$G:$G,데이터!$N:$N,$A$1,데이터!$O:$O,$B$1,데이터!$M:$M,$Q46,데이터!$L:$L,$U$1) -> 0 | V46: =IFERROR(U46/($U46+$W46),"") | W46: =SUMIFS(데이터!$G:$G,데이터!$N:$N,$A$1,데이터!$O:$O,$B$1,데이터!$M:$M,$Q46,데이터!$L:$L,$W$1) -> 0 | X46: =IFERROR(W46/($U46+$W46),"")
C47: 스쿨북197 | D47: =연간집계!D47 -> 스쿨북_197_278_18p_가변 하드 / 197X278 | 하드커버 | 없음 | 18p | E47: =연간집계!E47 -> 스쿨북 197 (하드/18p) | F47: =COUNTIFS(데이터!F:F,D47,데이터!$N:$N,$A$1,데이터!$O:$O,$B$1) -> 0 | G47: =SUMIFS(데이터!G:G,데이터!F:F,D47,데이터!$N:$N,$A$1,데이터!$O:$O,$B$1) -> 0 | H47: =IFERROR(G47/F47,0) -> 0 | I47: =IFERROR((SUMIFS(데이터!K:K,데이터!F:F,D47,데이터!$N:$N,$A$1,데이터!$O:$O,$B$1))/F47,0) -> 0 | J47: =IFERROR($G47/$G$2,"") -> 0 | K47: =SUM(G47:G50) -> 0 | L47: =IFERROR(SUMIFS(데이터!$G:$G,데이터!$F:$F,$D47,데이터!$N:$N,$A$1,데이터!$O:$O,$B$1,데이터!$L:$L,L$1),"") -> 0 | M47: =IFERROR($L47/($L47+$N47),"") | N47: =IFERROR(SUMIFS(데이터!$G:$G,데이터!$F:$F,$D47,데이터!$N:$N,$A$1,데이터!$O:$O,$B$1,데이터!$L:$L,N$1),"") -> 0 | O47: =IFERROR($N47/($N47+$L47),"") | R47: =IFERROR(COUNTIFS(데이터!$N:$N,$A$1,데이터!$O:$O,$B$1,데이터!$M:$M,$Q47),"") -> 0 | S47: =IFERROR(SUMIFS(데이터!$G:$G,데이터!$N:$N,$A$1,데이터!$O:$O,$B$1,데이터!$M:$M,$Q47),"") -> 0 | T47: =IFERROR(S47/(SUM($S$3:$S1223)),"") -> 0 | U47: =SUMIFS(데이터!$G:$G,데이터!$N:$N,$A$1,데이터!$O:$O,$B$1,데이터!$M:$M,$Q47,데이터!$L:$L,$U$1) -> 0 | V47: =IFERROR(U47/($U47+$W47),"") | W47: =SUMIFS(데이터!$G:$G,데이터!$N:$N,$A$1,데이터!$O:$O,$B$1,데이터!$M:$M,$Q47,데이터!$L:$L,$W$1) -> 0 | X47: =IFERROR(W47/($U47+$W47),"")
D48: =연간집계!D48 -> 스쿨북_197_278_42p_가변 하드 / 197X278 | 하드커버 | 없음 | 42p | E48: =연간집계!E48 -> 스쿨북 197 (하드/42p) | F48: =COUNTIFS(데이터!F:F,D48,데이터!$N:$N,$A$1,데이터!$O:$O,$B$1) -> 0 | G48: =SUMIFS(데이터!G:G,데이터!F:F,D48,데이터!$N:$N,$A$1,데이터!$O:$O,$B$1) -> 0 | H48: =IFERROR(G48/F48,0) -> 0 | I48: =IFERROR((SUMIFS(데이터!K:K,데이터!F:F,D48,데이터!$N:$N,$A$1,데이터!$O:$O,$B$1))/F48,0) -> 0 | J48: =IFERROR($G48/$G$2,"") -> 0 | L48: =IFERROR(SUMIFS(데이터!$G:$G,데이터!$F:$F,$D48,데이터!$N:$N,$A$1,데이터!$O:$O,$B$1,데이터!$L:$L,L$1),"") -> 0 | M48: =IFERROR($L48/($L48+$N48),"") | N48: =IFERROR(SUMIFS(데이터!$G:$G,데이터!$F:$F,$D48,데이터!$N:$N,$A$1,데이터!$O:$O,$B$1,데이터!$L:$L,N$1),"") -> 0 | O48: =IFERROR($N48/($N48+$L48),"") | R48: =IFERROR(COUNTIFS(데이터!$N:$N,$A$1,데이터!$O:$O,$B$1,데이터!$M:$M,$Q48),"") -> 0 | S48: =IFERROR(SUMIFS(데이터!$G:$G,데이터!$N:$N,$A$1,데이터!$O:$O,$B$1,데이터!$M:$M,$Q48),"") -> 0 | T48: =IFERROR(S48/(SUM($S$3:$S1224)),"") -> 0 | U48: =SUMIFS(데이터!$G:$G,데이터!$N:$N,$A$1,데이터!$O:$O,$B$1,데이터!$M:$M,$Q48,데이터!$L:$L,$U$1) -> 0 | V48: =IFERROR(U48/($U48+$W48),"") | W48: =SUMIFS(데이터!$G:$G,데이터!$N:$N,$A$1,데이터!$O:$O,$B$1,데이터!$M:$M,$Q48,데이터!$L:$L,$W$1) -> 0 | X48: =IFERROR(W48/($U48+$W48),"")
D49: =연간집계!D49 -> 스쿨북_197_278_가변 소프트 (스쿨북_197_278_18p_가변 소프트 / 197X278 | 소프트커버 | 없음 | 18p) | E49: =연간집계!E49 -> 스쿨북 197 (소프트/18p) | F49: =COUNTIFS(데이터!F:F,D49,데이터!$N:$N,$A$1,데이터!$O:$O,$B$1) -> 0 | G49: =SUMIFS(데이터!G:G,데이터!F:F,D49,데이터!$N:$N,$A$1,데이터!$O:$O,$B$1) -> 0 | H49: =IFERROR(G49/F49,0) -> 0 | I49: =IFERROR((SUMIFS(데이터!K:K,데이터!F:F,D49,데이터!$N:$N,$A$1,데이터!$O:$O,$B$1))/F49,0) -> 0 | J49: =IFERROR($G49/$G$2,"") -> 0 | L49: =IFERROR(SUMIFS(데이터!$G:$G,데이터!$F:$F,$D49,데이터!$N:$N,$A$1,데이터!$O:$O,$B$1,데이터!$L:$L,L$1),"") -> 0 | M49: =IFERROR($L49/($L49+$N49),"") | N49: =IFERROR(SUMIFS(데이터!$G:$G,데이터!$F:$F,$D49,데이터!$N:$N,$A$1,데이터!$O:$O,$B$1,데이터!$L:$L,N$1),"") -> 0 | O49: =IFERROR($N49/($N49+$L49),"") | R49: =IFERROR(COUNTIFS(데이터!$N:$N,$A$1,데이터!$O:$O,$B$1,데이터!$M:$M,$Q49),"") -> 0 | S49: =IFERROR(SUMIFS(데이터!$G:$G,데이터!$N:$N,$A$1,데이터!$O:$O,$B$1,데이터!$M:$M,$Q49),"") -> 0 | T49: =IFERROR(S49/(SUM($S$3:$S1225)),"") -> 0 | U49: =SUMIFS(데이터!$G:$G,데이터!$N:$N,$A$1,데이터!$O:$O,$B$1,데이터!$M:$M,$Q49,데이터!$L:$L,$U$1) -> 0 | V49: =IFERROR(U49/($U49+$W49),"") | W49: =SUMIFS(데이터!$G:$G,데이터!$N:$N,$A$1,데이터!$O:$O,$B$1,데이터!$M:$M,$Q49,데이터!$L:$L,$W$1) -> 0 | X49: =IFERROR(W49/($U49+$W49),"")
D50: =연간집계!D50 -> 스쿨북_197_278_42p_가변 소프트 / 197X278 | 소프트커버 | 없음 | 42p | E50: =연간집계!E50 -> 스쿨북 197 (소프트/42p) | F50: =COUNTIFS(데이터!F:F,D50,데이터!$N:$N,$A$1,데이터!$O:$O,$B$1) -> 0 | G50: =SUMIFS(데이터!G:G,데이터!F:F,D50,데이터!$N:$N,$A$1,데이터!$O:$O,$B$1) -> 0 | H50: =IFERROR(G50/F50,0) -> 0 | I50: =IFERROR((SUMIFS(데이터!K:K,데이터!F:F,D50,데이터!$N:$N,$A$1,데이터!$O:$O,$B$1))/F50,0) -> 0 | J50: =IFERROR($G50/$G$2,"") -> 0 | L50: =IFERROR(SUMIFS(데이터!$G:$G,데이터!$F:$F,$D50,데이터!$N:$N,$A$1,데이터!$O:$O,$B$1,데이터!$L:$L,L$1),"") -> 0 | M50: =IFERROR($L50/($L50+$N50),"") | N50: =IFERROR(SUMIFS(데이터!$G:$G,데이터!$F:$F,$D50,데이터!$N:$N,$A$1,데이터!$O:$O,$B$1,데이터!$L:$L,N$1),"") -> 0 | O50: =IFERROR($N50/($N50+$L50),"") | R50: =IFERROR(COUNTIFS(데이터!$N:$N,$A$1,데이터!$O:$O,$B$1,데이터!$M:$M,$Q50),"") -> 0 | S50: =IFERROR(SUMIFS(데이터!$G:$G,데이터!$N:$N,$A$1,데이터!$O:$O,$B$1,데이터!$M:$M,$Q50),"") -> 0 | T50: =IFERROR(S50/(SUM($S$3:$S1226)),"") -> 0 | U50: =SUMIFS(데이터!$G:$G,데이터!$N:$N,$A$1,데이터!$O:$O,$B$1,데이터!$M:$M,$Q50,데이터!$L:$L,$U$1) -> 0 | V50: =IFERROR(U50/($U50+$W50),"") | W50: =SUMIFS(데이터!$G:$G,데이터!$N:$N,$A$1,데이터!$O:$O,$B$1,데이터!$M:$M,$Q50,데이터!$L:$L,$W$1) -> 0 | X50: =IFERROR(W50/($U50+$W50),"")
C51: 스쿨북 198 | D51: =연간집계!D51 -> 스쿨북_198_198_18p_가변 하드 / 198X198 | 하드커버 | 없음 | 18p | E51: =연간집계!E51 -> 스쿨북 198 (하드/18p) | F51: =COUNTIFS(데이터!F:F,D51,데이터!$N:$N,$A$1,데이터!$O:$O,$B$1) -> 0 | G51: =SUMIFS(데이터!G:G,데이터!F:F,D51,데이터!$N:$N,$A$1,데이터!$O:$O,$B$1) -> 0 | H51: =IFERROR(G51/F51,0) -> 0 | I51: =IFERROR((SUMIFS(데이터!K:K,데이터!F:F,D51,데이터!$N:$N,$A$1,데이터!$O:$O,$B$1))/F51,0) -> 0 | J51: =IFERROR($G51/$G$2,"") -> 0 | K51: =SUM(G51:G54) -> 0 | L51: =IFERROR(SUMIFS(데이터!$G:$G,데이터!$F:$F,$D51,데이터!$N:$N,$A$1,데이터!$O:$O,$B$1,데이터!$L:$L,L$1),"") -> 0 | M51: =IFERROR($L51/($L51+$N51),"") | N51: =IFERROR(SUMIFS(데이터!$G:$G,데이터!$F:$F,$D51,데이터!$N:$N,$A$1,데이터!$O:$O,$B$1,데이터!$L:$L,N$1),"") -> 0 | O51: =IFERROR($N51/($N51+$L51),"") | R51: =IFERROR(COUNTIFS(데이터!$N:$N,$A$1,데이터!$O:$O,$B$1,데이터!$M:$M,$Q51),"") -> 0 | S51: =IFERROR(SUMIFS(데이터!$G:$G,데이터!$N:$N,$A$1,데이터!$O:$O,$B$1,데이터!$M:$M,$Q51),"") -> 0 | T51: =IFERROR(S51/(SUM($S$3:$S1227)),"") -> 0 | U51: =SUMIFS(데이터!$G:$G,데이터!$N:$N,$A$1,데이터!$O:$O,$B$1,데이터!$M:$M,$Q51,데이터!$L:$L,$U$1) -> 0 | V51: =IFERROR(U51/($U51+$W51),"") | W51: =SUMIFS(데이터!$G:$G,데이터!$N:$N,$A$1,데이터!$O:$O,$B$1,데이터!$M:$M,$Q51,데이터!$L:$L,$W$1) -> 0 | X51: =IFERROR(W51/($U51+$W51),"")
D52: =연간집계!D52 -> 스쿨북_198_198_가변 하드 (스쿨북_198_198_42p_가변 하드 / 198X198 | 하드커버 | 없음 | 42p) | E52: =연간집계!E52 -> 스쿨북 198 (하드/42p) | F52: =COUNTIFS(데이터!F:F,D52,데이터!$N:$N,$A$1,데이터!$O:$O,$B$1) -> 0 | G52: =SUMIFS(데이터!G:G,데이터!F:F,D52,데이터!$N:$N,$A$1,데이터!$O:$O,$B$1) -> 0 | H52: =IFERROR(G52/F52,0) -> 0 | I52: =IFERROR((SUMIFS(데이터!K:K,데이터!F:F,D52,데이터!$N:$N,$A$1,데이터!$O:$O,$B$1))/F52,0) -> 0 | J52: =IFERROR($G52/$G$2,"") -> 0 | L52: =IFERROR(SUMIFS(데이터!$G:$G,데이터!$F:$F,$D52,데이터!$N:$N,$A$1,데이터!$O:$O,$B$1,데이터!$L:$L,L$1),"") -> 0 | M52: =IFERROR($L52/($L52+$N52),"") | N52: =IFERROR(SUMIFS(데이터!$G:$G,데이터!$F:$F,$D52,데이터!$N:$N,$A$1,데이터!$O:$O,$B$1,데이터!$L:$L,N$1),"") -> 0 | O52: =IFERROR($N52/($N52+$L52),"") | R52: =IFERROR(COUNTIFS(데이터!$N:$N,$A$1,데이터!$O:$O,$B$1,데이터!$M:$M,$Q52),"") -> 0 | S52: =IFERROR(SUMIFS(데이터!$G:$G,데이터!$N:$N,$A$1,데이터!$O:$O,$B$1,데이터!$M:$M,$Q52),"") -> 0 | T52: =IFERROR(S52/(SUM($S$3:$S1228)),"") -> 0 | U52: =SUMIFS(데이터!$G:$G,데이터!$N:$N,$A$1,데이터!$O:$O,$B$1,데이터!$M:$M,$Q52,데이터!$L:$L,$U$1) -> 0 | V52: =IFERROR(U52/($U52+$W52),"") | W52: =SUMIFS(데이터!$G:$G,데이터!$N:$N,$A$1,데이터!$O:$O,$B$1,데이터!$M:$M,$Q52,데이터!$L:$L,$W$1) -> 0 | X52: =IFERROR(W52/($U52+$W52),"")
D53: =연간집계!D53 -> 스쿨북_198_198_가변 소프트 (스쿨북_198_198_18p_가변 소프트 / 198X198 | 소프트커버 | 없음 | 18p) | E53: =연간집계!E53 -> 스쿨북 198 (소프트/18p) | F53: =COUNTIFS(데이터!F:F,D53,데이터!$N:$N,$A$1,데이터!$O:$O,$B$1) -> 0 | G53: =SUMIFS(데이터!G:G,데이터!F:F,D53,데이터!$N:$N,$A$1,데이터!$O:$O,$B$1) -> 0 | H53: =IFERROR(G53/F53,0) -> 0 | I53: =IFERROR((SUMIFS(데이터!K:K,데이터!F:F,D53,데이터!$N:$N,$A$1,데이터!$O:$O,$B$1))/F53,0) -> 0 | J53: =IFERROR($G53/$G$2,"") -> 0 | L53: =IFERROR(SUMIFS(데이터!$G:$G,데이터!$F:$F,$D53,데이터!$N:$N,$A$1,데이터!$O:$O,$B$1,데이터!$L:$L,L$1),"") -> 0 | M53: =IFERROR($L53/($L53+$N53),"") | N53: =IFERROR(SUMIFS(데이터!$G:$G,데이터!$F:$F,$D53,데이터!$N:$N,$A$1,데이터!$O:$O,$B$1,데이터!$L:$L,N$1),"") -> 0 | O53: =IFERROR($N53/($N53+$L53),"") | R53: =IFERROR(COUNTIFS(데이터!$N:$N,$A$1,데이터!$O:$O,$B$1,데이터!$M:$M,$Q53),"") -> 0 | S53: =IFERROR(SUMIFS(데이터!$G:$G,데이터!$N:$N,$A$1,데이터!$O:$O,$B$1,데이터!$M:$M,$Q53),"") -> 0 | T53: =IFERROR(S53/(SUM($S$3:$S1229)),"") -> 0 | U53: =SUMIFS(데이터!$G:$G,데이터!$N:$N,$A$1,데이터!$O:$O,$B$1,데이터!$M:$M,$Q53,데이터!$L:$L,$U$1) -> 0 | V53: =IFERROR(U53/($U53+$W53),"") | W53: =SUMIFS(데이터!$G:$G,데이터!$N:$N,$A$1,데이터!$O:$O,$B$1,데이터!$M:$M,$Q53,데이터!$L:$L,$W$1) -> 0 | X53: =IFERROR(W53/($U53+$W53),"")
D54: =연간집계!D54 -> 스쿨북_197_278_가변 소프트 (스쿨북_197_278_42p_가변 소프트 / 197X278 | 소프트커버 | 없음 | 42p) | E54: =연간집계!E54 -> 스쿨북 198 (소프트/42p) | F54: =COUNTIFS(데이터!F:F,D54,데이터!$N:$N,$A$1,데이터!$O:$O,$B$1) -> 0 | G54: =SUMIFS(데이터!G:G,데이터!F:F,D54,데이터!$N:$N,$A$1,데이터!$O:$O,$B$1) -> 0 | H54: =IFERROR(G54/F54,0) -> 0 | I54: =IFERROR((SUMIFS(데이터!K:K,데이터!F:F,D54,데이터!$N:$N,$A$1,데이터!$O:$O,$B$1))/F54,0) -> 0 | J54: =IFERROR($G54/$G$2,"") -> 0 | L54: =IFERROR(SUMIFS(데이터!$G:$G,데이터!$F:$F,$D54,데이터!$N:$N,$A$1,데이터!$O:$O,$B$1,데이터!$L:$L,L$1),"") -> 0 | M54: =IFERROR($L54/($L54+$N54),"") | N54: =IFERROR(SUMIFS(데이터!$G:$G,데이터!$F:$F,$D54,데이터!$N:$N,$A$1,데이터!$O:$O,$B$1,데이터!$L:$L,N$1),"") -> 0 | O54: =IFERROR($N54/($N54+$L54),"") | R54: =IFERROR(COUNTIFS(데이터!$N:$N,$A$1,데이터!$O:$O,$B$1,데이터!$M:$M,$Q54),"") -> 0 | S54: =IFERROR(SUMIFS(데이터!$G:$G,데이터!$N:$N,$A$1,데이터!$O:$O,$B$1,데이터!$M:$M,$Q54),"") -> 0 | T54: =IFERROR(S54/(SUM($S$3:$S1230)),"") -> 0 | U54: =SUMIFS(데이터!$G:$G,데이터!$N:$N,$A$1,데이터!$O:$O,$B$1,데이터!$M:$M,$Q54,데이터!$L:$L,$U$1) -> 0 | V54: =IFERROR(U54/($U54+$W54),"") | W54: =SUMIFS(데이터!$G:$G,데이터!$N:$N,$A$1,데이터!$O:$O,$B$1,데이터!$M:$M,$Q54,데이터!$L:$L,$W$1) -> 0 | X54: =IFERROR(W54/($U54+$W54),"")
C55: 스탑진 198 | D55: =연간집계!D55 -> 스탑진_198_198_8p_중철 / 198X198 | 중철 | 없음 | 6p | E55: =연간집계!E55 -> 스탑진 198 (6p) | F55: =COUNTIFS(데이터!F:F,D55,데이터!$N:$N,$A$1,데이터!$O:$O,$B$1) -> 0 | G55: =SUMIFS(데이터!G:G,데이터!F:F,D55,데이터!$N:$N,$A$1,데이터!$O:$O,$B$1) -> 0 | H55: =IFERROR(G55/F55,0) -> 0 | I55: =IFERROR((SUMIFS(데이터!K:K,데이터!F:F,D55,데이터!$N:$N,$A$1,데이터!$O:$O,$B$1))/F55,0) -> 0 | J55: =IFERROR($G55/$G$2,"") -> 0 | K55: =SUM(G55:G57) -> 0 | L55: =IFERROR(SUMIFS(데이터!$G:$G,데이터!$F:$F,$D55,데이터!$N:$N,$A$1,데이터!$O:$O,$B$1,데이터!$L:$L,L$1),"") -> 0 | M55: =IFERROR($L55/($L55+$N55),"") | N55: =IFERROR(SUMIFS(데이터!$G:$G,데이터!$F:$F,$D55,데이터!$N:$N,$A$1,데이터!$O:$O,$B$1,데이터!$L:$L,N$1),"") -> 0 | O55: =IFERROR($N55/($N55+$L55),"") | R55: =IFERROR(COUNTIFS(데이터!$N:$N,$A$1,데이터!$O:$O,$B$1,데이터!$M:$M,$Q55),"") -> 0 | S55: =IFERROR(SUMIFS(데이터!$G:$G,데이터!$N:$N,$A$1,데이터!$O:$O,$B$1,데이터!$M:$M,$Q55),"") -> 0 | T55: =IFERROR(S55/(SUM($S$3:$S1231)),"") -> 0 | U55: =SUMIFS(데이터!$G:$G,데이터!$N:$N,$A$1,데이터!$O:$O,$B$1,데이터!$M:$M,$Q55,데이터!$L:$L,$U$1) -> 0 | V55: =IFERROR(U55/($U55+$W55),"") | W55: =SUMIFS(데이터!$G:$G,데이터!$N:$N,$A$1,데이터!$O:$O,$B$1,데이터!$M:$M,$Q55,데이터!$L:$L,$W$1) -> 0 | X55: =IFERROR(W55/($U55+$W55),"")
D56: =연간집계!D56 -> 스탑진_198_198_중철 (스탑진_198_198_16p_중철 / 198X198 | 중철 | 없음 | 14p) | E56: =연간집계!E56 -> 스탑진 198 (14p) | F56: =COUNTIFS(데이터!F:F,D56,데이터!$N:$N,$A$1,데이터!$O:$O,$B$1) -> 0 | G56: =SUMIFS(데이터!G:G,데이터!F:F,D56,데이터!$N:$N,$A$1,데이터!$O:$O,$B$1) -> 0 | H56: =IFERROR(G56/F56,0) -> 0 | I56: =IFERROR((SUMIFS(데이터!K:K,데이터!F:F,D56,데이터!$N:$N,$A$1,데이터!$O:$O,$B$1))/F56,0) -> 0 | J56: =IFERROR($G56/$G$2,"") -> 0 | L56: =IFERROR(SUMIFS(데이터!$G:$G,데이터!$F:$F,$D56,데이터!$N:$N,$A$1,데이터!$O:$O,$B$1,데이터!$L:$L,L$1),"") -> 0 | M56: =IFERROR($L56/($L56+$N56),"") | N56: =IFERROR(SUMIFS(데이터!$G:$G,데이터!$F:$F,$D56,데이터!$N:$N,$A$1,데이터!$O:$O,$B$1,데이터!$L:$L,N$1),"") -> 0 | O56: =IFERROR($N56/($N56+$L56),"")
D57: =연간집계!D57 -> 스탑진_198_198_중철 (스탑진_198_198_24p_중철 / 198X198 | 중철 | 없음 | 22p) | E57: =연간집계!E57 -> 스탑진 198 (22p) | F57: =COUNTIFS(데이터!F:F,D57,데이터!$N:$N,$A$1,데이터!$O:$O,$B$1) -> 0 | G57: =SUMIFS(데이터!G:G,데이터!F:F,D57,데이터!$N:$N,$A$1,데이터!$O:$O,$B$1) -> 0 | H57: =IFERROR(G57/F57,0) -> 0 | I57: =IFERROR((SUMIFS(데이터!K:K,데이터!F:F,D57,데이터!$N:$N,$A$1,데이터!$O:$O,$B$1))/F57,0) -> 0 | J57: =IFERROR($G57/$G$2,"") -> 0 | L57: =IFERROR(SUMIFS(데이터!$G:$G,데이터!$F:$F,$D57,데이터!$N:$N,$A$1,데이터!$O:$O,$B$1,데이터!$L:$L,L$1),"") -> 0 | M57: =IFERROR($L57/($L57+$N57),"") | N57: =IFERROR(SUMIFS(데이터!$G:$G,데이터!$F:$F,$D57,데이터!$N:$N,$A$1,데이터!$O:$O,$B$1,데이터!$L:$L,N$1),"") -> 0 | O57: =IFERROR($N57/($N57+$L57),"")
C58: 스탑진 210 | D58: =연간집계!D58 -> 스탑진_210_297_8p_중철 / 210X297 | 중철 | 없음 | 6p | E58: =연간집계!E58 -> 스탑진 210 (6p) | F58: =COUNTIFS(데이터!F:F,D58,데이터!$N:$N,$A$1,데이터!$O:$O,$B$1) -> 0 | G58: =SUMIFS(데이터!G:G,데이터!F:F,D58,데이터!$N:$N,$A$1,데이터!$O:$O,$B$1) -> 0 | H58: =IFERROR(G58/F58,0) -> 0 | I58: =IFERROR((SUMIFS(데이터!K:K,데이터!F:F,D58,데이터!$N:$N,$A$1,데이터!$O:$O,$B$1))/F58,0) -> 0 | J58: =IFERROR($G58/$G$2,"") -> 0 | K58: =SUM(G58:G60) -> 1 | L58: =IFERROR(SUMIFS(데이터!$G:$G,데이터!$F:$F,$D58,데이터!$N:$N,$A$1,데이터!$O:$O,$B$1,데이터!$L:$L,L$1),"") -> 0 | M58: =IFERROR($L58/($L58+$N58),"") | N58: =IFERROR(SUMIFS(데이터!$G:$G,데이터!$F:$F,$D58,데이터!$N:$N,$A$1,데이터!$O:$O,$B$1,데이터!$L:$L,N$1),"") -> 0 | O58: =IFERROR($N58/($N58+$L58),"")
D59: =연간집계!D59 -> 스탑진_210_297_16p_중철 / 210X297 | 중철 | 없음 | 14p | E59: =연간집계!E59 -> 스탑진 210 (14p) | F59: =COUNTIFS(데이터!F:F,D59,데이터!$N:$N,$A$1,데이터!$O:$O,$B$1) -> 0 | G59: =SUMIFS(데이터!G:G,데이터!F:F,D59,데이터!$N:$N,$A$1,데이터!$O:$O,$B$1) -> 0 | H59: =IFERROR(G59/F59,0) -> 0 | I59: =IFERROR((SUMIFS(데이터!K:K,데이터!F:F,D59,데이터!$N:$N,$A$1,데이터!$O:$O,$B$1))/F59,0) -> 0 | J59: =IFERROR($G59/$G$2,"") -> 0 | L59: =IFERROR(SUMIFS(데이터!$G:$G,데이터!$F:$F,$D59,데이터!$N:$N,$A$1,데이터!$O:$O,$B$1,데이터!$L:$L,L$1),"") -> 0 | M59: =IFERROR($L59/($L59+$N59),"") | N59: =IFERROR(SUMIFS(데이터!$G:$G,데이터!$F:$F,$D59,데이터!$N:$N,$A$1,데이터!$O:$O,$B$1,데이터!$L:$L,N$1),"") -> 0 | O59: =IFERROR($N59/($N59+$L59),"")
D60: =연간집계!D60 -> 스탑진_210_297_중철 (스탑진_210_297_24p_중철 / 210X297 | 중철 | 없음 | 22p) | E60: =연간집계!E60 -> 스탑진 210 (22p) | F60: =COUNTIFS(데이터!F:F,D60,데이터!$N:$N,$A$1,데이터!$O:$O,$B$1) -> 1 | G60: =SUMIFS(데이터!G:G,데이터!F:F,D60,데이터!$N:$N,$A$1,데이터!$O:$O,$B$1) -> 1 | H60: =IFERROR(G60/F60,0) -> 1 | I60: =IFERROR((SUMIFS(데이터!K:K,데이터!F:F,D60,데이터!$N:$N,$A$1,데이터!$O:$O,$B$1))/F60,0) -> 24 | J60: =IFERROR($G60/$G$2,"") -> 0.00097943193 | L60: =IFERROR(SUMIFS(데이터!$G:$G,데이터!$F:$F,$D60,데이터!$N:$N,$A$1,데이터!$O:$O,$B$1,데이터!$L:$L,L$1),"") -> 1 | M60: =IFERROR($L60/($L60+$N60),"") -> 1 | N60: =IFERROR(SUMIFS(데이터!$G:$G,데이터!$F:$F,$D60,데이터!$N:$N,$A$1,데이터!$O:$O,$B$1,데이터!$L:$L,N$1),"") -> 0 | O60: =IFERROR($N60/($N60+$L60),"") -> 0
C61: 시티북 210 | D61: =연간집계!D61 -> 시티북_210_148_기성커버 (시티북_210_148_78p_기성 커버 / 210X148 | 쿠션하드커버 | 없음 | 78p | E61: =연간집계!E61 -> 시티북 210 (쿠션하드/78p) | F61: =COUNTIFS(데이터!F:F,D61,데이터!$N:$N,$A$1,데이터!$O:$O,$B$1) -> 6 | G61: =SUMIFS(데이터!G:G,데이터!F:F,D61,데이터!$N:$N,$A$1,데이터!$O:$O,$B$1) -> 6 | H61: =IFERROR(G61/F61,0) -> 1 | I61: =IFERROR((SUMIFS(데이터!K:K,데이터!F:F,D61,데이터!$N:$N,$A$1,데이터!$O:$O,$B$1))/F61,0) -> 80 | J61: =IFERROR($G61/$G$2,"") -> 0.0058765916 | K61: =SUM(G61:G64) -> 26 | L61: =IFERROR(SUMIFS(데이터!$G:$G,데이터!$F:$F,$D61,데이터!$N:$N,$A$1,데이터!$O:$O,$B$1,데이터!$L:$L,L$1),"") -> 6 | M61: =IFERROR($L61/($L61+$N61),"") -> 1 | N61: =IFERROR(SUMIFS(데이터!$G:$G,데이터!$F:$F,$D61,데이터!$N:$N,$A$1,데이터!$O:$O,$B$1,데이터!$L:$L,N$1),"") -> 0 | O61: =IFERROR($N61/($N61+$L61),"") -> 0
D62: =연간집계!D62 -> 시티북_210_148_기성커버 (시티북_210_148_46p_기성 커버 / 210X148 | 쿠션하드커버 | 없음 | 46p | E62: =연간집계!E62 -> 시티북 210 (쿠션하드/46p) | F62: =COUNTIFS(데이터!F:F,D62,데이터!$N:$N,$A$1,데이터!$O:$O,$B$1) -> 1 | G62: =SUMIFS(데이터!G:G,데이터!F:F,D62,데이터!$N:$N,$A$1,데이터!$O:$O,$B$1) -> 2 | H62: =IFERROR(G62/F62,0) -> 2 | I62: =IFERROR((SUMIFS(데이터!K:K,데이터!F:F,D62,데이터!$N:$N,$A$1,데이터!$O:$O,$B$1))/F62,0) -> 48 | J62: =IFERROR($G62/$G$2,"") -> 0.0019588639 | L62: =IFERROR(SUMIFS(데이터!$G:$G,데이터!$F:$F,$D62,데이터!$N:$N,$A$1,데이터!$O:$O,$B$1,데이터!$L:$L,L$1),"") -> 2 | M62: =IFERROR($L62/($L62+$N62),"") -> 1 | N62: =IFERROR(SUMIFS(데이터!$G:$G,데이터!$F:$F,$D62,데이터!$N:$N,$A$1,데이터!$O:$O,$B$1,데이터!$L:$L,N$1),"") -> 0 | O62: =IFERROR($N62/($N62+$L62),"") -> 0
D63: =연간집계!D63 -> 시티북_210_148_기성커버 (시티북_210_148_78p_기성 커버 / 210X148 | 소프트커버 | 없음 | 78p | E63: =연간집계!E63 -> 시티북 210 (소프트/78p) | F63: =COUNTIFS(데이터!F:F,D63,데이터!$N:$N,$A$1,데이터!$O:$O,$B$1) -> 8 | G63: =SUMIFS(데이터!G:G,데이터!F:F,D63,데이터!$N:$N,$A$1,데이터!$O:$O,$B$1) -> 8 | H63: =IFERROR(G63/F63,0) -> 1 | I63: =IFERROR((SUMIFS(데이터!K:K,데이터!F:F,D63,데이터!$N:$N,$A$1,데이터!$O:$O,$B$1))/F63,0) -> 80 | J63: =IFERROR($G63/$G$2,"") -> 0.0078354554 | L63: =IFERROR(SUMIFS(데이터!$G:$G,데이터!$F:$F,$D63,데이터!$N:$N,$A$1,데이터!$O:$O,$B$1,데이터!$L:$L,L$1),"") -> 8 | M63: =IFERROR($L63/($L63+$N63),"") -> 1 | N63: =IFERROR(SUMIFS(데이터!$G:$G,데이터!$F:$F,$D63,데이터!$N:$N,$A$1,데이터!$O:$O,$B$1,데이터!$L:$L,N$1),"") -> 0 | O63: =IFERROR($N63/($N63+$L63),"") -> 0
D64: =연간집계!D64 -> 시티북_210_148_기성커버 (시티북_210_148_46p_기성 커버 / 210X148 | 소프트커버 | 없음 | 46p | E64: =연간집계!E64 -> 시티북 210 (소프트/46p) | F64: =COUNTIFS(데이터!F:F,D64,데이터!$N:$N,$A$1,데이터!$O:$O,$B$1) -> 10 | G64: =SUMIFS(데이터!G:G,데이터!F:F,D64,데이터!$N:$N,$A$1,데이터!$O:$O,$B$1) -> 10 | H64: =IFERROR(G64/F64,0) -> 1 | I64: =IFERROR((SUMIFS(데이터!K:K,데이터!F:F,D64,데이터!$N:$N,$A$1,데이터!$O:$O,$B$1))/F64,0) -> 48 | J64: =IFERROR($G64/$G$2,"") -> 0.0097943193 | L64: =IFERROR(SUMIFS(데이터!$G:$G,데이터!$F:$F,$D64,데이터!$N:$N,$A$1,데이터!$O:$O,$B$1,데이터!$L:$L,L$1),"") -> 10 | M64: =IFERROR($L64/($L64+$N64),"") -> 1 | N64: =IFERROR(SUMIFS(데이터!$G:$G,데이터!$F:$F,$D64,데이터!$N:$N,$A$1,데이터!$O:$O,$B$1,데이터!$L:$L,N$1),"") -> 0 | O64: =IFERROR($N64/($N64+$L64),"") -> 0
C65: 시티북 198 | D65: =연간집계!D65 -> 시티북_198_198_기성커버 (시티북_198_198_78p_기성 커버 / 198X198 | 쿠션하드커버 | 없음 | 78p | E65: =연간집계!E65 -> 시티북 198 (쿠션하드/78p) | F65: =COUNTIFS(데이터!F:F,D65,데이터!$N:$N,$A$1,데이터!$O:$O,$B$1) -> 13 | G65: =SUMIFS(데이터!G:G,데이터!F:F,D65,데이터!$N:$N,$A$1,데이터!$O:$O,$B$1) -> 18 | H65: =IFERROR(G65/F65,0) -> 1.3846154 | I65: =IFERROR((SUMIFS(데이터!K:K,데이터!F:F,D65,데이터!$N:$N,$A$1,데이터!$O:$O,$B$1))/F65,0) -> 80 | J65: =IFERROR($G65/$G$2,"") -> 0.017629775 | K65: =SUM(G65:G68) -> 24 | L65: =IFERROR(SUMIFS(데이터!$G:$G,데이터!$F:$F,$D65,데이터!$N:$N,$A$1,데이터!$O:$O,$B$1,데이터!$L:$L,L$1),"") -> 18 | M65: =IFERROR($L65/($L65+$N65),"") -> 1 | N65: =IFERROR(SUMIFS(데이터!$G:$G,데이터!$F:$F,$D65,데이터!$N:$N,$A$1,데이터!$O:$O,$B$1,데이터!$L:$L,N$1),"") -> 0 | O65: =IFERROR($N65/($N65+$L65),"") -> 0
D66: =연간집계!D66 -> 시티북_198_198_기성커버 (시티북_198_198_46p_기성 커버 / 198X198 | 쿠션하드커버 | 없음 | 46p | E66: =연간집계!E66 -> 시티북 198 (쿠션하드/46p) | F66: =COUNTIFS(데이터!F:F,D66,데이터!$N:$N,$A$1,데이터!$O:$O,$B$1) -> 1 | G66: =SUMIFS(데이터!G:G,데이터!F:F,D66,데이터!$N:$N,$A$1,데이터!$O:$O,$B$1) -> 3 | H66: =IFERROR(G66/F66,0) -> 3 | I66: =IFERROR((SUMIFS(데이터!K:K,데이터!F:F,D66,데이터!$N:$N,$A$1,데이터!$O:$O,$B$1))/F66,0) -> 48 | J66: =IFERROR($G66/$G$2,"") -> 0.0029382958 | L66: =IFERROR(SUMIFS(데이터!$G:$G,데이터!$F:$F,$D66,데이터!$N:$N,$A$1,데이터!$O:$O,$B$1,데이터!$L:$L,L$1),"") -> 3 | M66: =IFERROR($L66/($L66+$N66),"") -> 1 | N66: =IFERROR(SUMIFS(데이터!$G:$G,데이터!$F:$F,$D66,데이터!$N:$N,$A$1,데이터!$O:$O,$B$1,데이터!$L:$L,N$1),"") -> 0 | O66: =IFERROR($N66/($N66+$L66),"") -> 0
D67: =연간집계!D67 -> 시티북_198_198_기성커버 (시티북_198_198_78p_기성 커버 / 198X198 | 소프트커버 | 없음 | 78p | E67: =연간집계!E67 -> 시티북 198 (소프트/78p) | F67: =COUNTIFS(데이터!F:F,D67,데이터!$N:$N,$A$1,데이터!$O:$O,$B$1) -> 1 | G67: =SUMIFS(데이터!G:G,데이터!F:F,D67,데이터!$N:$N,$A$1,데이터!$O:$O,$B$1) -> 1 | H67: =IFERROR(G67/F67,0) -> 1 | I67: =IFERROR((SUMIFS(데이터!K:K,데이터!F:F,D67,데이터!$N:$N,$A$1,데이터!$O:$O,$B$1))/F67,0) -> 80 | J67: =IFERROR($G67/$G$2,"") -> 0.00097943193 | L67: =IFERROR(SUMIFS(데이터!$G:$G,데이터!$F:$F,$D67,데이터!$N:$N,$A$1,데이터!$O:$O,$B$1,데이터!$L:$L,L$1),"") -> 1 | M67: =IFERROR($L67/($L67+$N67),"") -> 1 | N67: =IFERROR(SUMIFS(데이터!$G:$G,데이터!$F:$F,$D67,데이터!$N:$N,$A$1,데이터!$O:$O,$B$1,데이터!$L:$L,N$1),"") -> 0 | O67: =IFERROR($N67/($N67+$L67),"") -> 0
D68: =연간집계!D68 -> 시티북_198_198_기성커버 (시티북_198_198_46p_기성 커버 / 198X198 | 소프트커버 | 없음 | 46p | E68: =연간집계!E68 -> 시티북 198 (소프트/46p) | F68: =COUNTIFS(데이터!F:F,D68,데이터!$N:$N,$A$1,데이터!$O:$O,$B$1) -> 2 | G68: =SUMIFS(데이터!G:G,데이터!F:F,D68,데이터!$N:$N,$A$1,데이터!$O:$O,$B$1) -> 2 | H68: =IFERROR(G68/F68,0) -> 1 | I68: =IFERROR((SUMIFS(데이터!K:K,데이터!F:F,D68,데이터!$N:$N,$A$1,데이터!$O:$O,$B$1))/F68,0) -> 48 | J68: =IFERROR($G68/$G$2,"") -> 0.0019588639 | L68: =IFERROR(SUMIFS(데이터!$G:$G,데이터!$F:$F,$D68,데이터!$N:$N,$A$1,데이터!$O:$O,$B$1,데이터!$L:$L,L$1),"") -> 2 | M68: =IFERROR($L68/($L68+$N68),"") -> 1 | N68: =IFERROR(SUMIFS(데이터!$G:$G,데이터!$F:$F,$D68,데이터!$N:$N,$A$1,데이터!$O:$O,$B$1,데이터!$L:$L,N$1),"") -> 0 | O68: =IFERROR($N68/($N68+$L68),"") -> 0
C69: 워크샵북 | D69: =연간집계!D69 -> 단체북 (워크샵북_251_186_가변하드(드림라보 출력) / 251X186 | 하드커버 | 없음 | 82p) | E69: =연간집계!E69 -> 워크샵북 | F69: =COUNTIFS(데이터!F:F,D69,데이터!$N:$N,$A$1,데이터!$O:$O,$B$1) -> 5 | G69: =SUMIFS(데이터!G:G,데이터!F:F,D69,데이터!$N:$N,$A$1,데이터!$O:$O,$B$1) -> 20 | H69: =IFERROR(G69/F69,0) -> 4 | I69: =IFERROR((SUMIFS(데이터!K:K,데이터!F:F,D69,데이터!$N:$N,$A$1,데이터!$O:$O,$B$1))/F69,0) -> 104.4 | J69: =IFERROR($G69/$G$2,"") -> 0.019588639 | K69: =G69 -> 20 | L69: =IFERROR(SUMIFS(데이터!$G:$G,데이터!$F:$F,$D69,데이터!$N:$N,$A$1,데이터!$O:$O,$B$1,데이터!$L:$L,L$1),"") -> 20 | M69: =IFERROR($L69/($L69+$N69),"") -> 1 | N69: =IFERROR(SUMIFS(데이터!$G:$G,데이터!$F:$F,$D69,데이터!$N:$N,$A$1,데이터!$O:$O,$B$1,데이터!$L:$L,N$1),"") -> 0 | O69: =IFERROR($N69/($N69+$L69),"") -> 0
C70: 졸업북 | D70: =연간집계!D70 -> 졸업북_197_278_가변하드 (졸업북_197_278_하드커버 _갈색 혜드밴드 / 197X278 | 하드커버무광 | 없음 | 22p) | E70: =연간집계!E70 -> 졸업북 (무광) | F70: =COUNTIFS(데이터!F:F,D70,데이터!$N:$N,$A$1,데이터!$O:$O,$B$1) -> 0 | G70: =SUMIFS(데이터!G:G,데이터!F:F,D70,데이터!$N:$N,$A$1,데이터!$O:$O,$B$1) -> 0 | H70: =IFERROR(G70/F70,0) -> 0 | I70: =IFERROR((SUMIFS(데이터!K:K,데이터!F:F,D70,데이터!$N:$N,$A$1,데이터!$O:$O,$B$1))/F70,0) -> 0 | J70: =IFERROR($G70/$G$2,"") -> 0 | K70: =SUM(G70:G71) -> 0 | L70: =IFERROR(SUMIFS(데이터!$G:$G,데이터!$F:$F,$D70,데이터!$N:$N,$A$1,데이터!$O:$O,$B$1,데이터!$L:$L,L$1),"") -> 0 | M70: =IFERROR($L70/($L70+$N70),"") | N70: =IFERROR(SUMIFS(데이터!$G:$G,데이터!$F:$F,$D70,데이터!$N:$N,$A$1,데이터!$O:$O,$B$1,데이터!$L:$L,N$1),"") -> 0 | O70: =IFERROR($N70/($N70+$L70),"")
D71: =연간집계!D71 -> 졸업북_197_278_가변하드 (졸업북_197_278_하드커버 _갈색 혜드밴드 / 197X278 | 하드커버유광 | 없음 | 22p) | E71: =연간집계!E71 -> 졸업북 (유광) | F71: =COUNTIFS(데이터!F:F,D71,데이터!$N:$N,$A$1,데이터!$O:$O,$B$1) -> 0 | G71: =SUMIFS(데이터!G:G,데이터!F:F,D71,데이터!$N:$N,$A$1,데이터!$O:$O,$B$1) -> 0 | H71: =IFERROR(G71/F71,0) -> 0 | I71: =IFERROR((SUMIFS(데이터!K:K,데이터!F:F,D71,데이터!$N:$N,$A$1,데이터!$O:$O,$B$1))/F71,0) -> 0 | J71: =IFERROR($G71/$G$2,"") -> 0 | L71: =IFERROR(SUMIFS(데이터!$G:$G,데이터!$F:$F,$D71,데이터!$N:$N,$A$1,데이터!$O:$O,$B$1,데이터!$L:$L,L$1),"") -> 0 | M71: =IFERROR($L71/($L71+$N71),"") | N71: =IFERROR(SUMIFS(데이터!$G:$G,데이터!$F:$F,$D71,데이터!$N:$N,$A$1,데이터!$O:$O,$B$1,데이터!$L:$L,N$1),"") -> 0 | O71: =IFERROR($N71/($N71+$L71),"")
C72: 초콜릿북 | D72: =연간집계!D72 -> 초콜릿북_210_148_58p_기성 커버 / 210X148 | 쿠션하드커버 | 없음 | 58p | E72: =연간집계!E72 -> 초콜릿북 | F72: =COUNTIFS(데이터!F:F,D72,데이터!$N:$N,$A$1,데이터!$O:$O,$B$1) -> 0 | G72: =SUMIFS(데이터!G:G,데이터!F:F,D72,데이터!$N:$N,$A$1,데이터!$O:$O,$B$1) -> 0 | H72: =IFERROR(G72/F72,0) -> 0 | I72: =IFERROR((SUMIFS(데이터!K:K,데이터!F:F,D72,데이터!$N:$N,$A$1,데이터!$O:$O,$B$1))/F72,0) -> 0 | J72: =IFERROR($G72/$G$2,"") -> 0 | K72: =G72 -> 0 | L72: =IFERROR(SUMIFS(데이터!$G:$G,데이터!$F:$F,$D72,데이터!$N:$N,$A$1,데이터!$O:$O,$B$1,데이터!$L:$L,L$1),"") -> 0 | M72: =IFERROR($L72/($L72+$N72),"") | N72: =IFERROR(SUMIFS(데이터!$G:$G,데이터!$F:$F,$D72,데이터!$N:$N,$A$1,데이터!$O:$O,$B$1,데이터!$L:$L,N$1),"") -> 0 | O72: =IFERROR($N72/($N72+$L72),"")
C73: 키즈북 198 | D73: =연간집계!D73 -> 키즈북_198_198_가변 쿠션하드 (키즈북_198_198_70p_가변 쿠션하드 / 198X198 | 쿠션하드커버 | 없음 | 70p) | E73: =연간집계!E73 -> 키즈북 198 (쿠션하드/70p) | F73: =COUNTIFS(데이터!F:F,D73,데이터!$N:$N,$A$1,데이터!$O:$O,$B$1) -> 1 | G73: =SUMIFS(데이터!G:G,데이터!F:F,D73,데이터!$N:$N,$A$1,데이터!$O:$O,$B$1) -> 1 | H73: =IFERROR(G73/F73,0) -> 1 | I73: =IFERROR((SUMIFS(데이터!K:K,데이터!F:F,D73,데이터!$N:$N,$A$1,데이터!$O:$O,$B$1))/F73,0) -> 72 | J73: =IFERROR($G73/$G$2,"") -> 0.00097943193 | K73: =SUM(G73:G76) -> 1 | L73: =IFERROR(SUMIFS(데이터!$G:$G,데이터!$F:$F,$D73,데이터!$N:$N,$A$1,데이터!$O:$O,$B$1,데이터!$L:$L,L$1),"") -> 1 | M73: =IFERROR($L73/($L73+$N73),"") -> 1 | N73: =IFERROR(SUMIFS(데이터!$G:$G,데이터!$F:$F,$D73,데이터!$N:$N,$A$1,데이터!$O:$O,$B$1,데이터!$L:$L,N$1),"") -> 0 | O73: =IFERROR($N73/($N73+$L73),"") -> 0
D74: =연간집계!D74 -> 키즈북_198_198_34p_가변 쿠션하드 / 198X198 | 쿠션하드커버 | 없음 | 34p | E74: =연간집계!E74 -> 키즈북 198 (쿠션하드/34p) | F74: =COUNTIFS(데이터!F:F,D74,데이터!$N:$N,$A$1,데이터!$O:$O,$B$1) -> 0 | G74: =SUMIFS(데이터!G:G,데이터!F:F,D74,데이터!$N:$N,$A$1,데이터!$O:$O,$B$1) -> 0 | H74: =IFERROR(G74/F74,0) -> 0 | I74: =IFERROR((SUMIFS(데이터!K:K,데이터!F:F,D74,데이터!$N:$N,$A$1,데이터!$O:$O,$B$1))/F74,0) -> 0 | J74: =IFERROR($G74/$G$2,"") -> 0 | L74: =IFERROR(SUMIFS(데이터!$G:$G,데이터!$F:$F,$D74,데이터!$N:$N,$A$1,데이터!$O:$O,$B$1,데이터!$L:$L,L$1),"") -> 0 | M74: =IFERROR($L74/($L74+$N74),"") | N74: =IFERROR(SUMIFS(데이터!$G:$G,데이터!$F:$F,$D74,데이터!$N:$N,$A$1,데이터!$O:$O,$B$1,데이터!$L:$L,N$1),"") -> 0 | O74: =IFERROR($N74/($N74+$L74),"")
D75: =연간집계!D75 -> 키즈북_198_198_가변 소프트 (키즈북_198_198_70p_가변 소프트 / 198X198 | 소프트커버 | 없음 | 70p) | E75: =연간집계!E75 -> 키즈북 198 (소프트/70p) | F75: =COUNTIFS(데이터!F:F,D75,데이터!$N:$N,$A$1,데이터!$O:$O,$B$1) -> 0 | G75: =SUMIFS(데이터!G:G,데이터!F:F,D75,데이터!$N:$N,$A$1,데이터!$O:$O,$B$1) -> 0 | H75: =IFERROR(G75/F75,0) -> 0 | I75: =IFERROR((SUMIFS(데이터!K:K,데이터!F:F,D75,데이터!$N:$N,$A$1,데이터!$O:$O,$B$1))/F75,0) -> 0 | J75: =IFERROR($G75/$G$2,"") -> 0 | L75: =IFERROR(SUMIFS(데이터!$G:$G,데이터!$F:$F,$D75,데이터!$N:$N,$A$1,데이터!$O:$O,$B$1,데이터!$L:$L,L$1),"") -> 0 | M75: =IFERROR($L75/($L75+$N75),"") | N75: =IFERROR(SUMIFS(데이터!$G:$G,데이터!$F:$F,$D75,데이터!$N:$N,$A$1,데이터!$O:$O,$B$1,데이터!$L:$L,N$1),"") -> 0 | O75: =IFERROR($N75/($N75+$L75),"")
D76: =연간집계!D76 -> 키즈북_198_198_가변 소프트 (키즈북_198_198_34p_가변 소프트 / 198X198 | 소프트커버 | 없음 | 34p) | E76: =연간집계!E76 -> 키즈북 198 (소프트/34p) | F76: =COUNTIFS(데이터!F:F,D76,데이터!$N:$N,$A$1,데이터!$O:$O,$B$1) -> 0 | G76: =SUMIFS(데이터!G:G,데이터!F:F,D76,데이터!$N:$N,$A$1,데이터!$O:$O,$B$1) -> 0 | H76: =IFERROR(G76/F76,0) -> 0 | I76: =IFERROR((SUMIFS(데이터!K:K,데이터!F:F,D76,데이터!$N:$N,$A$1,데이터!$O:$O,$B$1))/F76,0) -> 0 | J76: =IFERROR($G76/$G$2,"") -> 0 | L76: =IFERROR(SUMIFS(데이터!$G:$G,데이터!$F:$F,$D76,데이터!$N:$N,$A$1,데이터!$O:$O,$B$1,데이터!$L:$L,L$1),"") -> 0 | M76: =IFERROR($L76/($L76+$N76),"") | N76: =IFERROR(SUMIFS(데이터!$G:$G,데이터!$F:$F,$D76,데이터!$N:$N,$A$1,데이터!$O:$O,$B$1,데이터!$L:$L,N$1),"") -> 0 | O76: =IFERROR($N76/($N76+$L76),"")
C77: 키즈북 197 | D77: =연간집계!D77 -> 키즈북_197_278_70p_가변 쿠션하드 / 197X278 | 쿠션하드커버 | 없음 | 70p | E77: =연간집계!E77 -> 키즈북 197 (쿠션하드/70p) | F77: =COUNTIFS(데이터!F:F,D77,데이터!$N:$N,$A$1,데이터!$O:$O,$B$1) -> 0 | G77: =SUMIFS(데이터!G:G,데이터!F:F,D77,데이터!$N:$N,$A$1,데이터!$O:$O,$B$1) -> 0 | H77: =IFERROR(G77/F77,0) -> 0 | I77: =IFERROR((SUMIFS(데이터!K:K,데이터!F:F,D77,데이터!$N:$N,$A$1,데이터!$O:$O,$B$1))/F77,0) -> 0 | J77: =IFERROR($G77/$G$2,"") -> 0 | K77: =SUM(G77:G80) -> 0 | L77: =IFERROR(SUMIFS(데이터!$G:$G,데이터!$F:$F,$D77,데이터!$N:$N,$A$1,데이터!$O:$O,$B$1,데이터!$L:$L,L$1),"") -> 0 | M77: =IFERROR($L77/($L77+$N77),"") | N77: =IFERROR(SUMIFS(데이터!$G:$G,데이터!$F:$F,$D77,데이터!$N:$N,$A$1,데이터!$O:$O,$B$1,데이터!$L:$L,N$1),"") -> 0 | O77: =IFERROR($N77/($N77+$L77),"")
D78: =연간집계!D78 -> 키즈북_197_278_34p_가변 쿠션하드 / 197X278 | 쿠션하드커버 | 없음 | 34p | E78: =연간집계!E78 -> 키즈북 197 (쿠션하드/34p) | F78: =COUNTIFS(데이터!F:F,D78,데이터!$N:$N,$A$1,데이터!$O:$O,$B$1) -> 0 | G78: =SUMIFS(데이터!G:G,데이터!F:F,D78,데이터!$N:$N,$A$1,데이터!$O:$O,$B$1) -> 0 | H78: =IFERROR(G78/F78,0) -> 0 | I78: =IFERROR((SUMIFS(데이터!K:K,데이터!F:F,D78,데이터!$N:$N,$A$1,데이터!$O:$O,$B$1))/F78,0) -> 0 | J78: =IFERROR($G78/$G$2,"") -> 0 | L78: =IFERROR(SUMIFS(데이터!$G:$G,데이터!$F:$F,$D78,데이터!$N:$N,$A$1,데이터!$O:$O,$B$1,데이터!$L:$L,L$1),"") -> 0 | M78: =IFERROR($L78/($L78+$N78),"") | N78: =IFERROR(SUMIFS(데이터!$G:$G,데이터!$F:$F,$D78,데이터!$N:$N,$A$1,데이터!$O:$O,$B$1,데이터!$L:$L,N$1),"") -> 0 | O78: =IFERROR($N78/($N78+$L78),"")
D79: =연간집계!D79 -> 키즈북_197_278_가변 소프트 (키즈북_197_278_70p_가변 소프트 / 197X278 | 소프트커버 | 없음 | 70p) | E79: =연간집계!E79 -> 키즈북 197 (소프트/70p) | F79: =COUNTIFS(데이터!F:F,D79,데이터!$N:$N,$A$1,데이터!$O:$O,$B$1) -> 0 | G79: =SUMIFS(데이터!G:G,데이터!F:F,D79,데이터!$N:$N,$A$1,데이터!$O:$O,$B$1) -> 0 | H79: =IFERROR(G79/F79,0) -> 0 | I79: =IFERROR((SUMIFS(데이터!K:K,데이터!F:F,D79,데이터!$N:$N,$A$1,데이터!$O:$O,$B$1))/F79,0) -> 0 | J79: =IFERROR($G79/$G$2,"") -> 0 | L79: =IFERROR(SUMIFS(데이터!$G:$G,데이터!$F:$F,$D79,데이터!$N:$N,$A$1,데이터!$O:$O,$B$1,데이터!$L:$L,L$1),"") -> 0 | M79: =IFERROR($L79/($L79+$N79),"") | N79: =IFERROR(SUMIFS(데이터!$G:$G,데이터!$F:$F,$D79,데이터!$N:$N,$A$1,데이터!$O:$O,$B$1,데이터!$L:$L,N$1),"") -> 0 | O79: =IFERROR($N79/($N79+$L79),"")
D80: =연간집계!D80 -> 키즈북_197_278_34p_가변 소프트 / 197X278 | 소프트커버 | 없음 | 34p | E80: =연간집계!E80 -> 키즈북 197 (소프트/34p) | F80: =COUNTIFS(데이터!F:F,D80,데이터!$N:$N,$A$1,데이터!$O:$O,$B$1) -> 0 | G80: =SUMIFS(데이터!G:G,데이터!F:F,D80,데이터!$N:$N,$A$1,데이터!$O:$O,$B$1) -> 0 | H80: =IFERROR(G80/F80,0) -> 0 | I80: =IFERROR((SUMIFS(데이터!K:K,데이터!F:F,D80,데이터!$N:$N,$A$1,데이터!$O:$O,$B$1))/F80,0) -> 0 | J80: =IFERROR($G80/$G$2,"") -> 0 | L80: =IFERROR(SUMIFS(데이터!$G:$G,데이터!$F:$F,$D80,데이터!$N:$N,$A$1,데이터!$O:$O,$B$1,데이터!$L:$L,L$1),"") -> 0 | M80: =IFERROR($L80/($L80+$N80),"") | N80: =IFERROR(SUMIFS(데이터!$G:$G,데이터!$F:$F,$D80,데이터!$N:$N,$A$1,데이터!$O:$O,$B$1,데이터!$L:$L,N$1),"") -> 0 | O80: =IFERROR($N80/($N80+$L80),"")
C81: 키즈진 150 | D81: =연간집계!D81 -> 키즈진_150_210_중철 (키즈진_150_210_16p_중철 / 150X210 | 중철 | 없음 | 14p) | E81: =연간집계!E81 -> 키즈진 150 (14p) | F81: =COUNTIFS(데이터!F:F,D81,데이터!$N:$N,$A$1,데이터!$O:$O,$B$1) -> 0 | G81: =SUMIFS(데이터!G:G,데이터!F:F,D81,데이터!$N:$N,$A$1,데이터!$O:$O,$B$1) -> 0 | H81: =IFERROR(G81/F81,0) -> 0 | I81: =IFERROR((SUMIFS(데이터!K:K,데이터!F:F,D81,데이터!$N:$N,$A$1,데이터!$O:$O,$B$1))/F81,0) -> 0 | J81: =IFERROR($G81/$G$2,"") -> 0 | K81: =SUM(G81:G82) -> 0 | L81: =IFERROR(SUMIFS(데이터!$G:$G,데이터!$F:$F,$D81,데이터!$N:$N,$A$1,데이터!$O:$O,$B$1,데이터!$L:$L,L$1),"") -> 0 | M81: =IFERROR($L81/($L81+$N81),"") | N81: =IFERROR(SUMIFS(데이터!$G:$G,데이터!$F:$F,$D81,데이터!$N:$N,$A$1,데이터!$O:$O,$B$1,데이터!$L:$L,N$1),"") -> 0 | O81: =IFERROR($N81/($N81+$L81),"")
D82: =연간집계!D82 -> 키즈진_150_210_중철 (키즈진_150_210_24p_중철 / 150X210 | 중철 | 없음 | 22p) | E82: =연간집계!E82 -> 키즈진 150 (22p) | F82: =COUNTIFS(데이터!F:F,D82,데이터!$N:$N,$A$1,데이터!$O:$O,$B$1) -> 0 | G82: =SUMIFS(데이터!G:G,데이터!F:F,D82,데이터!$N:$N,$A$1,데이터!$O:$O,$B$1) -> 0 | H82: =IFERROR(G82/F82,0) -> 0 | I82: =IFERROR((SUMIFS(데이터!K:K,데이터!F:F,D82,데이터!$N:$N,$A$1,데이터!$O:$O,$B$1))/F82,0) -> 0 | J82: =IFERROR($G82/$G$2,"") -> 0 | L82: =IFERROR(SUMIFS(데이터!$G:$G,데이터!$F:$F,$D82,데이터!$N:$N,$A$1,데이터!$O:$O,$B$1,데이터!$L:$L,L$1),"") -> 0 | M82: =IFERROR($L82/($L82+$N82),"") | N82: =IFERROR(SUMIFS(데이터!$G:$G,데이터!$F:$F,$D82,데이터!$N:$N,$A$1,데이터!$O:$O,$B$1,데이터!$L:$L,N$1),"") -> 0 | O82: =IFERROR($N82/($N82+$L82),"")
C83: 키즈진 210 | D83: =연간집계!D83 -> 키즈진_210_297_16p_중철 / 210X297 | 중철 | 없음 | 14p | E83: =연간집계!E83 -> 키즈진 210 (14p) | F83: =COUNTIFS(데이터!F:F,D83,데이터!$N:$N,$A$1,데이터!$O:$O,$B$1) -> 0 | G83: =SUMIFS(데이터!G:G,데이터!F:F,D83,데이터!$N:$N,$A$1,데이터!$O:$O,$B$1) -> 0 | H83: =IFERROR(G83/F83,0) -> 0 | I83: =IFERROR((SUMIFS(데이터!K:K,데이터!F:F,D83,데이터!$N:$N,$A$1,데이터!$O:$O,$B$1))/F83,0) -> 0 | J83: =IFERROR($G83/$G$2,"") -> 0 | K83: =SUM(G83:G84) -> 0 | L83: =IFERROR(SUMIFS(데이터!$G:$G,데이터!$F:$F,$D83,데이터!$N:$N,$A$1,데이터!$O:$O,$B$1,데이터!$L:$L,L$1),"") -> 0 | M83: =IFERROR($L83/($L83+$N83),"") | N83: =IFERROR(SUMIFS(데이터!$G:$G,데이터!$F:$F,$D83,데이터!$N:$N,$A$1,데이터!$O:$O,$B$1,데이터!$L:$L,N$1),"") -> 0 | O83: =IFERROR($N83/($N83+$L83),"")
D84: =연간집계!D84 -> 키즈진_210_297_24p_중철 / 210X297 | 중철 | 없음 | 22p | E84: =연간집계!E84 -> 키즈진 210 (22p) | F84: =COUNTIFS(데이터!F:F,D84,데이터!$N:$N,$A$1,데이터!$O:$O,$B$1) -> 0 | G84: =SUMIFS(데이터!G:G,데이터!F:F,D84,데이터!$N:$N,$A$1,데이터!$O:$O,$B$1) -> 0 | H84: =IFERROR(G84/F84,0) -> 0 | I84: =IFERROR((SUMIFS(데이터!K:K,데이터!F:F,D84,데이터!$N:$N,$A$1,데이터!$O:$O,$B$1))/F84,0) -> 0 | J84: =IFERROR($G84/$G$2,"") -> 0 | L84: =IFERROR(SUMIFS(데이터!$G:$G,데이터!$F:$F,$D84,데이터!$N:$N,$A$1,데이터!$O:$O,$B$1,데이터!$L:$L,L$1),"") -> 0 | M84: =IFERROR($L84/($L84+$N84),"") | N84: =IFERROR(SUMIFS(데이터!$G:$G,데이터!$F:$F,$D84,데이터!$N:$N,$A$1,데이터!$O:$O,$B$1,데이터!$L:$L,N$1),"") -> 0 | O84: =IFERROR($N84/($N84+$L84),"")
C85: 트래블북 210 | D85: =연간집계!D85 -> 트래블북_210_148_기성커버 (트래블북_210_148_78p_기성 커버 / 210X148 | 쿠션하드커버 | 없음 | 78p | E85: =연간집계!E85 -> 트래블북 A5 (쿠션하드/78p) | F85: =COUNTIFS(데이터!F:F,D85,데이터!$N:$N,$A$1,데이터!$O:$O,$B$1) -> 3 | G85: =SUMIFS(데이터!G:G,데이터!F:F,D85,데이터!$N:$N,$A$1,데이터!$O:$O,$B$1) -> 3 | H85: =IFERROR(G85/F85,0) -> 1 | I85: =IFERROR((SUMIFS(데이터!K:K,데이터!F:F,D85,데이터!$N:$N,$A$1,데이터!$O:$O,$B$1))/F85,0) -> 80 | J85: =IFERROR($G85/$G$2,"") -> 0.0029382958 | K85: =SUM(G85:G88) -> 6 | L85: =IFERROR(SUMIFS(데이터!$G:$G,데이터!$F:$F,$D85,데이터!$N:$N,$A$1,데이터!$O:$O,$B$1,데이터!$L:$L,L$1),"") -> 3 | M85: =IFERROR($L85/($L85+$N85),"") -> 1 | N85: =IFERROR(SUMIFS(데이터!$G:$G,데이터!$F:$F,$D85,데이터!$N:$N,$A$1,데이터!$O:$O,$B$1,데이터!$L:$L,N$1),"") -> 0 | O85: =IFERROR($N85/($N85+$L85),"") -> 0
D86: =연간집계!D86 -> 트래블북_210_148_기성커버 (트래블북_210_148_46p_기성 커버 / 210X148 | 쿠션하드커버 | 없음 | 46p | E86: =연간집계!E86 -> 트래블북 A5 (쿠션하드/46p) | F86: =COUNTIFS(데이터!F:F,D86,데이터!$N:$N,$A$1,데이터!$O:$O,$B$1) -> 1 | G86: =SUMIFS(데이터!G:G,데이터!F:F,D86,데이터!$N:$N,$A$1,데이터!$O:$O,$B$1) -> 1 | H86: =IFERROR(G86/F86,0) -> 1 | I86: =IFERROR((SUMIFS(데이터!K:K,데이터!F:F,D86,데이터!$N:$N,$A$1,데이터!$O:$O,$B$1))/F86,0) -> 48 | J86: =IFERROR($G86/$G$2,"") -> 0.00097943193 | L86: =IFERROR(SUMIFS(데이터!$G:$G,데이터!$F:$F,$D86,데이터!$N:$N,$A$1,데이터!$O:$O,$B$1,데이터!$L:$L,L$1),"") -> 1 | M86: =IFERROR($L86/($L86+$N86),"") -> 1 | N86: =IFERROR(SUMIFS(데이터!$G:$G,데이터!$F:$F,$D86,데이터!$N:$N,$A$1,데이터!$O:$O,$B$1,데이터!$L:$L,N$1),"") -> 0 | O86: =IFERROR($N86/($N86+$L86),"") -> 0
D87: =연간집계!D87 -> 트래블북_210_148_기성커버 (트래블북_210_148_78p_기성 커버 / 210X148 | 소프트커버 | 없음 | 78p | E87: =연간집계!E87 -> 트래블북 A5 (소프트/78p) | F87: =COUNTIFS(데이터!F:F,D87,데이터!$N:$N,$A$1,데이터!$O:$O,$B$1) -> 2 | G87: =SUMIFS(데이터!G:G,데이터!F:F,D87,데이터!$N:$N,$A$1,데이터!$O:$O,$B$1) -> 2 | H87: =IFERROR(G87/F87,0) -> 1 | I87: =IFERROR((SUMIFS(데이터!K:K,데이터!F:F,D87,데이터!$N:$N,$A$1,데이터!$O:$O,$B$1))/F87,0) -> 80 | J87: =IFERROR($G87/$G$2,"") -> 0.0019588639 | L87: =IFERROR(SUMIFS(데이터!$G:$G,데이터!$F:$F,$D87,데이터!$N:$N,$A$1,데이터!$O:$O,$B$1,데이터!$L:$L,L$1),"") -> 2 | M87: =IFERROR($L87/($L87+$N87),"") -> 1 | N87: =IFERROR(SUMIFS(데이터!$G:$G,데이터!$F:$F,$D87,데이터!$N:$N,$A$1,데이터!$O:$O,$B$1,데이터!$L:$L,N$1),"") -> 0 | O87: =IFERROR($N87/($N87+$L87),"") -> 0
D88: =연간집계!D88 -> 트래블북_210_148_기성커버 (트래블북_210_148_46p_기성 커버 / 210X148 | 소프트커버 | 없음 | 46p | E88: =연간집계!E88 -> 트래블북 A5 (소프트/46p) | F88: =COUNTIFS(데이터!F:F,D88,데이터!$N:$N,$A$1,데이터!$O:$O,$B$1) -> 0 | G88: =SUMIFS(데이터!G:G,데이터!F:F,D88,데이터!$N:$N,$A$1,데이터!$O:$O,$B$1) -> 0 | H88: =IFERROR(G88/F88,0) -> 0 | I88: =IFERROR((SUMIFS(데이터!K:K,데이터!F:F,D88,데이터!$N:$N,$A$1,데이터!$O:$O,$B$1))/F88,0) -> 0 | J88: =IFERROR($G88/$G$2,"") -> 0 | L88: =IFERROR(SUMIFS(데이터!$G:$G,데이터!$F:$F,$D88,데이터!$N:$N,$A$1,데이터!$O:$O,$B$1,데이터!$L:$L,L$1),"") -> 0 | M88: =IFERROR($L88/($L88+$N88),"") | N88: =IFERROR(SUMIFS(데이터!$G:$G,데이터!$F:$F,$D88,데이터!$N:$N,$A$1,데이터!$O:$O,$B$1,데이터!$L:$L,N$1),"") -> 0 | O88: =IFERROR($N88/($N88+$L88),"")
C89: 트래블북 198 | D89: =연간집계!D89 -> 트래블북_198_198_기성커버 (트래블북_198_198_78p_기성 커버 / 198X198 | 쿠션하드커버 | 없음 | 78p | E89: =연간집계!E89 -> 트래블북 198 (쿠션하드/78p) | F89: =COUNTIFS(데이터!F:F,D89,데이터!$N:$N,$A$1,데이터!$O:$O,$B$1) -> 1 | G89: =SUMIFS(데이터!G:G,데이터!F:F,D89,데이터!$N:$N,$A$1,데이터!$O:$O,$B$1) -> 1 | H89: =IFERROR(G89/F89,0) -> 1 | I89: =IFERROR((SUMIFS(데이터!K:K,데이터!F:F,D89,데이터!$N:$N,$A$1,데이터!$O:$O,$B$1))/F89,0) -> 80 | J89: =IFERROR($G89/$G$2,"") -> 0.00097943193 | K89: =SUM(G89:G92) -> 3 | L89: =IFERROR(SUMIFS(데이터!$G:$G,데이터!$F:$F,$D89,데이터!$N:$N,$A$1,데이터!$O:$O,$B$1,데이터!$L:$L,L$1),"") -> 1 | M89: =IFERROR($L89/($L89+$N89),"") -> 1 | N89: =IFERROR(SUMIFS(데이터!$G:$G,데이터!$F:$F,$D89,데이터!$N:$N,$A$1,데이터!$O:$O,$B$1,데이터!$L:$L,N$1),"") -> 0 | O89: =IFERROR($N89/($N89+$L89),"") -> 0
D90: =연간집계!D90 -> 트래블북_198_198_기성커버 (트래블북_198_198_46p_기성 커버 / 198X198 | 쿠션하드커버 | 없음 | 46p | E90: =연간집계!E90 -> 트래블북 198 (쿠션하드/46p) | F90: =COUNTIFS(데이터!F:F,D90,데이터!$N:$N,$A$1,데이터!$O:$O,$B$1) -> 0 | G90: =SUMIFS(데이터!G:G,데이터!F:F,D90,데이터!$N:$N,$A$1,데이터!$O:$O,$B$1) -> 0 | H90: =IFERROR(G90/F90,0) -> 0 | I90: =IFERROR((SUMIFS(데이터!K:K,데이터!F:F,D90,데이터!$N:$N,$A$1,데이터!$O:$O,$B$1))/F90,0) -> 0 | J90: =IFERROR($G90/$G$2,"") -> 0 | L90: =IFERROR(SUMIFS(데이터!$G:$G,데이터!$F:$F,$D90,데이터!$N:$N,$A$1,데이터!$O:$O,$B$1,데이터!$L:$L,L$1),"") -> 0 | M90: =IFERROR($L90/($L90+$N90),"") | N90: =IFERROR(SUMIFS(데이터!$G:$G,데이터!$F:$F,$D90,데이터!$N:$N,$A$1,데이터!$O:$O,$B$1,데이터!$L:$L,N$1),"") -> 0 | O90: =IFERROR($N90/($N90+$L90),"")
D91: =연간집계!D91 -> 트래블북_198_198_기성커버 (트래블북_198_198_78p_기성 커버 / 198X198 | 소프트커버 | 없음 | 78p | E91: =연간집계!E91 -> 트래블북 198 (소프트/78p) | F91: =COUNTIFS(데이터!F:F,D91,데이터!$N:$N,$A$1,데이터!$O:$O,$B$1) -> 1 | G91: =SUMIFS(데이터!G:G,데이터!F:F,D91,데이터!$N:$N,$A$1,데이터!$O:$O,$B$1) -> 1 | H91: =IFERROR(G91/F91,0) -> 1 | I91: =IFERROR((SUMIFS(데이터!K:K,데이터!F:F,D91,데이터!$N:$N,$A$1,데이터!$O:$O,$B$1))/F91,0) -> 80 | J91: =IFERROR($G91/$G$2,"") -> 0.00097943193 | L91: =IFERROR(SUMIFS(데이터!$G:$G,데이터!$F:$F,$D91,데이터!$N:$N,$A$1,데이터!$O:$O,$B$1,데이터!$L:$L,L$1),"") -> 1 | M91: =IFERROR($L91/($L91+$N91),"") -> 1 | N91: =IFERROR(SUMIFS(데이터!$G:$G,데이터!$F:$F,$D91,데이터!$N:$N,$A$1,데이터!$O:$O,$B$1,데이터!$L:$L,N$1),"") -> 0 | O91: =IFERROR($N91/($N91+$L91),"") -> 0
D92: =연간집계!D92 -> 트래블북_198_198_기성커버 (트래블북_198_198_46p_기성 커버 / 198X198 | 소프트커버 | 없음 | 46p | E92: =연간집계!E92 -> 트래블북 198 (소프트/46p) | F92: =COUNTIFS(데이터!F:F,D92,데이터!$N:$N,$A$1,데이터!$O:$O,$B$1) -> 1 | G92: =SUMIFS(데이터!G:G,데이터!F:F,D92,데이터!$N:$N,$A$1,데이터!$O:$O,$B$1) -> 1 | H92: =IFERROR(G92/F92,0) -> 1 | I92: =IFERROR((SUMIFS(데이터!K:K,데이터!F:F,D92,데이터!$N:$N,$A$1,데이터!$O:$O,$B$1))/F92,0) -> 48 | J92: =IFERROR($G92/$G$2,"") -> 0.00097943193 | L92: =IFERROR(SUMIFS(데이터!$G:$G,데이터!$F:$F,$D92,데이터!$N:$N,$A$1,데이터!$O:$O,$B$1,데이터!$L:$L,L$1),"") -> 1 | M92: =IFERROR($L92/($L92+$N92),"") -> 1 | N92: =IFERROR(SUMIFS(데이터!$G:$G,데이터!$F:$F,$D92,데이터!$N:$N,$A$1,데이터!$O:$O,$B$1,데이터!$L:$L,N$1),"") -> 0 | O92: =IFERROR($N92/($N92+$L92),"") -> 0
C93: 포토로그북 | D93: =연간집계!D93 -> 포토로그북_198_198 기성 쿠션바인더 (뉴_포토로그북_198_198_르느와르화이트190_가변 쿠션바인더 / 198X198 | 바인더/내지 | 없음 | 50p) | E93: =연간집계!E93 -> 포토로그북 (바인더) | F93: =COUNTIFS(데이터!F:F,D93,데이터!$N:$N,$A$1,데이터!$O:$O,$B$1) -> 2 | G93: =SUMIFS(데이터!G:G,데이터!F:F,D93,데이터!$N:$N,$A$1,데이터!$O:$O,$B$1) -> 2 | H93: =IFERROR(G93/F93,0) -> 1 | I93: =IFERROR((SUMIFS(데이터!K:K,데이터!F:F,D93,데이터!$N:$N,$A$1,데이터!$O:$O,$B$1))/F93,0) -> 74 | J93: =IFERROR($G93/$G$2,"") -> 0.0019588639 | K93: =SUM(G93:G94) -> 2 | L93: =IFERROR(SUMIFS(데이터!$G:$G,데이터!$F:$F,$D93,데이터!$N:$N,$A$1,데이터!$O:$O,$B$1,데이터!$L:$L,L$1),"") -> 2 | M93: =IFERROR($L93/($L93+$N93),"") -> 1 | N93: =IFERROR(SUMIFS(데이터!$G:$G,데이터!$F:$F,$D93,데이터!$N:$N,$A$1,데이터!$O:$O,$B$1,데이터!$L:$L,N$1),"") -> 0 | O93: =IFERROR($N93/($N93+$L93),"") -> 0
D94: =연간집계!D94 -> 포토로그북_198_198 기성 쿠션바인더 (뉴_포토로그북_198_198_르느와르화이트190_(내지만) / 198X198 | 내지만(표지없음) | 없음 | 50p) | E94: =연간집계!E94 -> 포토로그북 (내지) | F94: =COUNTIFS(데이터!F:F,D94,데이터!$N:$N,$A$1,데이터!$O:$O,$B$1) -> 0 | G94: =SUMIFS(데이터!G:G,데이터!F:F,D94,데이터!$N:$N,$A$1,데이터!$O:$O,$B$1) -> 0 | H94: =IFERROR(G94/F94,0) -> 0 | I94: =IFERROR((SUMIFS(데이터!K:K,데이터!F:F,D94,데이터!$N:$N,$A$1,데이터!$O:$O,$B$1))/F94,0) -> 0 | J94: =IFERROR($G94/$G$2,"") -> 0 | L94: =IFERROR(SUMIFS(데이터!$G:$G,데이터!$F:$F,$D94,데이터!$N:$N,$A$1,데이터!$O:$O,$B$1,데이터!$L:$L,L$1),"") -> 0 | M94: =IFERROR($L94/($L94+$N94),"") | N94: =IFERROR(SUMIFS(데이터!$G:$G,데이터!$F:$F,$D94,데이터!$N:$N,$A$1,데이터!$O:$O,$B$1,데이터!$L:$L,N$1),"") -> 0 | O94: =IFERROR($N94/($N94+$L94),"")
C95: 프리북 198 | D95: =연간집계!D95 -> 프리북_198_198_가변 소프트 (프리북198_198_198_가변 소프트 / 198X198 | 소프트커버 | 없음 | 66p) | E95: =연간집계!E95 -> 프리북 198 (소프트) | F95: =COUNTIFS(데이터!F:F,D95,데이터!$N:$N,$A$1,데이터!$O:$O,$B$1) -> 3 | G95: =SUMIFS(데이터!G:G,데이터!F:F,D95,데이터!$N:$N,$A$1,데이터!$O:$O,$B$1) -> 3 | H95: =IFERROR(G95/F95,0) -> 1 | I95: =IFERROR((SUMIFS(데이터!K:K,데이터!F:F,D95,데이터!$N:$N,$A$1,데이터!$O:$O,$B$1))/F95,0) -> 100 | J95: =IFERROR($G95/$G$2,"") -> 0.0029382958 | K95: =SUM(G95:G96) -> 8 | L95: =IFERROR(SUMIFS(데이터!$G:$G,데이터!$F:$F,$D95,데이터!$N:$N,$A$1,데이터!$O:$O,$B$1,데이터!$L:$L,L$1),"") -> 3 | M95: =IFERROR($L95/($L95+$N95),"") -> 1 | N95: =IFERROR(SUMIFS(데이터!$G:$G,데이터!$F:$F,$D95,데이터!$N:$N,$A$1,데이터!$O:$O,$B$1,데이터!$L:$L,N$1),"") -> 0 | O95: =IFERROR($N95/($N95+$L95),"") -> 0
D96: =연간집계!D96 -> 프리북_198_198_가변 하드 (프리북198_198_198_가변 하드 / 198X198 | 하드커버 | 없음 | 66p) | E96: =연간집계!E96 -> 프리북 198 (하드) | F96: =COUNTIFS(데이터!F:F,D96,데이터!$N:$N,$A$1,데이터!$O:$O,$B$1) -> 5 | G96: =SUMIFS(데이터!G:G,데이터!F:F,D96,데이터!$N:$N,$A$1,데이터!$O:$O,$B$1) -> 5 | H96: =IFERROR(G96/F96,0) -> 1 | I96: =IFERROR((SUMIFS(데이터!K:K,데이터!F:F,D96,데이터!$N:$N,$A$1,데이터!$O:$O,$B$1))/F96,0) -> 94.8 | J96: =IFERROR($G96/$G$2,"") -> 0.0048971596 | L96: =IFERROR(SUMIFS(데이터!$G:$G,데이터!$F:$F,$D96,데이터!$N:$N,$A$1,데이터!$O:$O,$B$1,데이터!$L:$L,L$1),"") -> 5 | M96: =IFERROR($L96/($L96+$N96),"") -> 1 | N96: =IFERROR(SUMIFS(데이터!$G:$G,데이터!$F:$F,$D96,데이터!$N:$N,$A$1,데이터!$O:$O,$B$1,데이터!$L:$L,N$1),"") -> 0 | O96: =IFERROR($N96/($N96+$L96),"") -> 0
C97: 프리북 와이드 | D97: =연간집계!D97 -> 프리북와이드_251_186_가변 소프트 (프리북와이드_251_186_가변 소프트 / 251X186 | 소프트커버 | 없음 | 38p) | E97: =연간집계!E97 -> 프리북와이드 (소프트) | F97: =COUNTIFS(데이터!F:F,D97,데이터!$N:$N,$A$1,데이터!$O:$O,$B$1) -> 2 | G97: =SUMIFS(데이터!G:G,데이터!F:F,D97,데이터!$N:$N,$A$1,데이터!$O:$O,$B$1) -> 4 | H97: =IFERROR(G97/F97,0) -> 2 | I97: =IFERROR((SUMIFS(데이터!K:K,데이터!F:F,D97,데이터!$N:$N,$A$1,데이터!$O:$O,$B$1))/F97,0) -> 76 | J97: =IFERROR($G97/$G$2,"") -> 0.0039177277 | K97: =SUM(G97:G98) -> 16 | L97: =IFERROR(SUMIFS(데이터!$G:$G,데이터!$F:$F,$D97,데이터!$N:$N,$A$1,데이터!$O:$O,$B$1,데이터!$L:$L,L$1),"") -> 4 | M97: =IFERROR($L97/($L97+$N97),"") -> 1 | N97: =IFERROR(SUMIFS(데이터!$G:$G,데이터!$F:$F,$D97,데이터!$N:$N,$A$1,데이터!$O:$O,$B$1,데이터!$L:$L,N$1),"") -> 0 | O97: =IFERROR($N97/($N97+$L97),"") -> 0
